[{"start_time":1755432000.0,"end_time":1755441000.0,"contest_url":"https://atcoder.jp/contests/arc204","durationSeconds":9000,"platform":"AtCoder","name":"AtCoder Regular Contest 204 (Div. 1)"},{"start_time":1755345600.0,"end_time":1755351600.0,"contest_url":"https://atcoder.jp/contests/abc419","durationSeconds":6000,"platform":"AtCoder","name":"AtCoder Beginner Contest 419"},{"start_time":1754740800.0,"end_time":1754746800.0,"contest_url":"https://atcoder.jp/contests/abc418","durationSeconds":6000,"platform":"AtCoder","name":"AtCoder Beginner Contest 418"},{"start_time":1754222400.0,"end_time":1754229600.0,"contest_url":"https://atcoder.jp/contests/arc203","durationSeconds":7200,"platform":"AtCoder","name":"AtCoder Regular Contest 203 (Div. 2)"},{"start_time":1754136000.0,"end_time":1754142000.0,"contest_url":"https://atcoder.jp/contests/abc417","durationSeconds":6000,"platform":"AtCoder","name":"AtCoder Beginner Contest 417"},{"start_time":1754042400.0,"end_time":1754906400.0,"contest_url":"https://atcoder.jp/contests/ahc051","durationSeconds":864000,"platform":"AtCoder","name":"THIRD Programming Contest 2025 Summer（AtCoder Heuristic Contest 051）"},{"start_time":1753531200.0,"end_time":1753537200.0,"contest_url":"https://atcoder.jp/contests/abc416","durationSeconds":6000,"platform":"AtCoder","name":"AtCoder Beginner Contest 416"},{"start_time":1753012800.0,"end_time":1753021800.0,"contest_url":"https://atcoder.jp/contests/arc202","durationSeconds":9000,"platform":"AtCoder","name":"AtCoder Regular Contest 202 (Div. 1)"},{"start_time":1752926400.0,"end_time":1752932400.0,"contest_url":"https://atcoder.jp/contests/abc415","durationSeconds":6000,"platform":"AtCoder","name":"Japan Registry Services (JPRS) Programming Contest 2025#2 (AtCoder Beginner Contest 415)"},{"start_time":1752721200.0,"end_time":1752739200.0,"contest_url":"https://atcoder.jp/contests/awtf2025algo-open","durationSeconds":18000,"platform":"AtCoder","name":"World Tour Finals 2025 Algorithm（Open Contest）"},{"start_time":1752721200.0,"end_time":1752739200.0,"contest_url":"https://atcoder.jp/contests/awtf2025algo","durationSeconds":18000,"platform":"AtCoder","name":"World Tour Finals 2025 Algorithm"},{"start_time":1752624000.0,"end_time":1752660000.0,"contest_url":"https://atcoder.jp/contests/awtf2025heuristic","durationSeconds":36000,"platform":"AtCoder","name":"World Tour Finals 2025 Heuristic"},{"start_time":1752321600.0,"end_time":1752327600.0,"contest_url":"https://atcoder.jp/contests/abc414","durationSeconds":6000,"platform":"AtCoder","name":" Mirrativ Programming Contest 2025 (AtCoder Beginner Contest 414)"},{"start_time":1751796000.0,"end_time":1751810400.0,"contest_url":"https://atcoder.jp/contests/ahc050","durationSeconds":14400,"platform":"AtCoder","name":"AtCoder Heuristic Contest 050"},{"start_time":1751716800.0,"end_time":1751722800.0,"contest_url":"https://atcoder.jp/contests/abc413","durationSeconds":6000,"platform":"AtCoder","name":"Denso Create Programming Contest 2025（AtCoder Beginner Contest 413）"},{"start_time":1751112000.0,"end_time":1751118000.0,"contest_url":"https://atcoder.jp/contests/abc412","durationSeconds":6000,"platform":"AtCoder","name":"AtCoder Beginner Contest 412"},{"start_time":1750593600.0,"end_time":1750600800.0,"contest_url":"https://atcoder.jp/contests/arc201","durationSeconds":7200,"platform":"AtCoder","name":"AtCoder Regular Contest 201"},{"start_time":1750507200.0,"end_time":1750513200.0,"contest_url":"https://atcoder.jp/contests/abc411","durationSeconds":6000,"platform":"AtCoder","name":"UNIQUE VISION Programming Contest 2025 Summer (AtCoder Beginner Contest 411)"},{"start_time":1750485600.0,"end_time":1750500000.0,"contest_url":"https://atcoder.jp/contests/ahc049","durationSeconds":14400,"platform":"AtCoder","name":"Toyota Programming Contest 2025#3（AtCoder Heuristic Contest 049）"},{"start_time":1749988800.0,"end_time":1749996000.0,"contest_url":"https://atcoder.jp/contests/arc200","durationSeconds":7200,"platform":"AtCoder","name":"AtCoder Regular Contest 200 (Div. 2)"},{"start_time":1749902400.0,"end_time":1749908400.0,"contest_url":"https://atcoder.jp/contests/abc410","durationSeconds":6000,"platform":"AtCoder","name":"AtCoder Beginner Contest 410"},{"start_time":1749297600.0,"end_time":1749303600.0,"contest_url":"https://atcoder.jp/contests/abc409","durationSeconds":6000,"platform":"AtCoder","name":"AtCoder Beginner Contest 409"},{"start_time":1748779200.0,"end_time":1748788200.0,"contest_url":"https://atcoder.jp/contests/arc199","durationSeconds":9000,"platform":"AtCoder","name":"AtCoder Regular Contest 199 (Div. 1)"},{"start_time":1748692800.0,"end_time":1748698800.0,"contest_url":"https://atcoder.jp/contests/abc408","durationSeconds":6000,"platform":"AtCoder","name":"AtCoder Beginner Contest 408"},{"start_time":1748599200.0,"end_time":1749463200.0,"contest_url":"https://atcoder.jp/contests/ahc048","durationSeconds":864000,"platform":"AtCoder","name":"MC Digital Programming Contest 2025 (AtCoder Heuristic Contest 048)"},{"start_time":1748174400.0,"end_time":1748181600.0,"contest_url":"https://atcoder.jp/contests/arc198","durationSeconds":7200,"platform":"AtCoder","name":"AtCoder Regular Contest 198 (Div. 2)"},{"start_time":1748088000.0,"end_time":1748094000.0,"contest_url":"https://atcoder.jp/contests/abc407","durationSeconds":6000,"platform":"AtCoder","name":"AtCoder Beginner Contest 407"},{"start_time":1747562400.0,"end_time":1747576800.0,"contest_url":"https://atcoder.jp/contests/ahc047","durationSeconds":14400,"platform":"AtCoder","name":"Toyota Programming Contest 2025#2（AtCoder Heuristic Contest 047）"},{"start_time":1747483200.0,"end_time":1747489200.0,"contest_url":"https://atcoder.jp/contests/abc406","durationSeconds":6000,"platform":"AtCoder","name":"Panasonic Programming Contest 2025（AtCoder Beginner Contest 406）"},{"start_time":1746878400.0,"end_time":1746884400.0,"contest_url":"https://atcoder.jp/contests/abc405","durationSeconds":6000,"platform":"AtCoder","name":"AtCoder Beginner Contest 405"},{"start_time":1746360000.0,"end_time":1746367200.0,"contest_url":"https://atcoder.jp/contests/arc197","durationSeconds":7200,"platform":"AtCoder","name":"AtCoder Regular Contest 197 (Div. 2)"},{"start_time":1746273600.0,"end_time":1746279600.0,"contest_url":"https://atcoder.jp/contests/abc404","durationSeconds":6000,"platform":"AtCoder","name":"AtCoder Beginner Contest 404"},{"start_time":1745755200.0,"end_time":1745761200.0,"contest_url":"https://atcoder.jp/contests/abc403","durationSeconds":6000,"platform":"AtCoder","name":"AtCoder Beginner Contest 403"},{"start_time":1745647200.0,"end_time":1745661600.0,"contest_url":"https://atcoder.jp/contests/ahc046","durationSeconds":14400,"platform":"AtCoder","name":"BrainPad Programming Contest 2025 （AtCoder Heuristic Contest 046）"},{"start_time":1745150400.0,"end_time":1745161200.0,"contest_url":"https://atcoder.jp/contests/agc072","durationSeconds":10800,"platform":"AtCoder","name":"AtCoder Grand Contest 072"},{"start_time":1745064000.0,"end_time":1745070000.0,"contest_url":"https://atcoder.jp/contests/abc402","durationSeconds":6000,"platform":"AtCoder","name":"Tokio Marine & Nichido Fire Insurance Programming Contest 2025  (AtCoder Beginner Contest 402)"},{"start_time":1744459200.0,"end_time":1744465200.0,"contest_url":"https://atcoder.jp/contests/abc401","durationSeconds":6000,"platform":"AtCoder","name":"AtCoder Beginner Contest 401"},{"start_time":1743940800.0,"end_time":1743949800.0,"contest_url":"https://atcoder.jp/contests/arc196","durationSeconds":9000,"platform":"AtCoder","name":"AtCoder Regular Contest 196 (Div. 1)"},{"start_time":1743854400.0,"end_time":1743860400.0,"contest_url":"https://atcoder.jp/contests/abc400","durationSeconds":6000,"platform":"AtCoder","name":"AtCoder Beginner Contest 400"},{"start_time":1743336000.0,"end_time":1743346800.0,"contest_url":"https://atcoder.jp/contests/agc071","durationSeconds":10800,"platform":"AtCoder","name":"AtCoder Grand Contest 071"},{"start_time":1743249600.0,"end_time":1743255600.0,"contest_url":"https://atcoder.jp/contests/abc399","durationSeconds":6000,"platform":"AtCoder","name":"AtCoder Beginner Contest 399"},{"start_time":1743156000.0,"end_time":1744020000.0,"contest_url":"https://atcoder.jp/contests/ahc045","durationSeconds":864000,"platform":"AtCoder","name":"THIRD PROGRAMMING CONTEST 2025（AtCoder Heuristic Contest 045）"},{"start_time":1742731200.0,"end_time":1742738400.0,"contest_url":"https://atcoder.jp/contests/arc195","durationSeconds":7200,"platform":"AtCoder","name":"AtCoder Regular Contest 195 (Div. 2)"},{"start_time":1742644800.0,"end_time":1742650800.0,"contest_url":"https://atcoder.jp/contests/abc398","durationSeconds":6000,"platform":"AtCoder","name":"UNIQUE VISION Programming Contest 2025 Spring (AtCoder Beginner Contest 398)"},{"start_time":1742119200.0,"end_time":1742133600.0,"contest_url":"https://atcoder.jp/contests/ahc044","durationSeconds":14400,"platform":"AtCoder","name":"AtCoder Heuristic Contest 044"},{"start_time":1742040000.0,"end_time":1742046000.0,"contest_url":"https://atcoder.jp/contests/abc397","durationSeconds":6000,"platform":"AtCoder","name":"OMRON Corporation Programming Contest 2025 (AtCoder Beginner Contest 397)"},{"start_time":1741521600.0,"end_time":1741528800.0,"contest_url":"https://atcoder.jp/contests/arc194","durationSeconds":7200,"platform":"AtCoder","name":"AtCoder Regular Contest 194 (Div. 2)"},{"start_time":1741435200.0,"end_time":1741441200.0,"contest_url":"https://atcoder.jp/contests/abc396","durationSeconds":6000,"platform":"AtCoder","name":"AtCoder Beginner Contest 396"},{"start_time":1740888000.0,"end_time":1740909600.0,"contest_url":"https://atcoder.jp/contests/masters2025-qual","durationSeconds":21600,"platform":"AtCoder","name":"The 2nd Masters Championship-qual-"},{"start_time":1740830400.0,"end_time":1740836400.0,"contest_url":"https://atcoder.jp/contests/abc395","durationSeconds":6000,"platform":"AtCoder","name":"AtCoder Beginner Contest 395"},{"start_time":1740312000.0,"end_time":1740321000.0,"contest_url":"https://atcoder.jp/contests/arc193","durationSeconds":9000,"platform":"AtCoder","name":"AtCoder Regular Contest 193 (Div. 1)"},{"start_time":1740225600.0,"end_time":1740231600.0,"contest_url":"https://atcoder.jp/contests/abc394","durationSeconds":6000,"platform":"AtCoder","name":"KAJIMA CORPORATION CONTEST 2025 (AtCoder Beginner Contest 394)"},{"start_time":1755928800.0,"end_time":1755943200.0,"contest_url":"https://atcoder.jp/contests/ahc052","durationSeconds":14400,"platform":"AtCoder","name":"AtCoder Heuristic Contest 052"},{"start_time":1756036800.0,"end_time":1756042800.0,"contest_url":"https://atcoder.jp/contests/abc420","durationSeconds":6000,"platform":"AtCoder","name":"AtCoder Beginner Contest 420"},{"start_time":1756555200.0,"end_time":1756561200.0,"contest_url":"https://atcoder.jp/contests/abc421","durationSeconds":6000,"platform":"AtCoder","name":"AtCoder Beginner Contest 421"},{"start_time":1757160000.0,"end_time":1757167200.0,"contest_url":"https://atcoder.jp/contests/arc205","durationSeconds":7200,"platform":"AtCoder","name":"AtCoder Regular Contest 205 (Div. 2)"},{"start_time":1757218200.0,"end_time":1757224200.0,"contest_url":"https://atcoder.jp/contests/abc422","durationSeconds":6000,"platform":"AtCoder","name":"AtCoder Beginner Contest 422"},{"start_time":1757757600.0,"end_time":1757772000.0,"contest_url":"https://atcoder.jp/contests/ahc053","durationSeconds":14400,"platform":"AtCoder","name":"12th Asprova Programming Contest（AtCoder Heuristic Contest 053）"},{"start_time":1759060800.0,"end_time":1759071600.0,"contest_url":"https://atcoder.jp/contests/agc073","durationSeconds":10800,"platform":"AtCoder","name":"AtCoder Grand Contest 073"},{"start_time":1756218900,"end_time":1756226100,"contest_url":"https://codeforces.com/contest/2134","durationSeconds":7200,"platform":"Codeforces","name":"Codeforces Round (Div. 2)"},{"start_time":1756046100,"end_time":1756053300,"contest_url":"https://codeforces.com/contest/2133","durationSeconds":7200,"platform":"Codeforces","name":"Codeforces Round (Div. 2)"},{"start_time":1755786900,"end_time":1755795000,"contest_url":"https://codeforces.com/contest/2132","durationSeconds":8100,"platform":"Codeforces","name":"Codeforces Round 1043 (Div. 3)"},{"start_time":1754836500,"end_time":1754844600,"contest_url":"https://codeforces.com/contest/2131","durationSeconds":8100,"platform":"Codeforces","name":"Codeforces Round 1042 (Div. 3)"},{"start_time":1754577300,"end_time":1754588100,"contest_url":"https://codeforces.com/contest/2127","durationSeconds":10800,"platform":"Codeforces","name":"Atto Round 1 (Codeforces Round 1041, Div. 1 + Div. 2)"},{"start_time":1753972500,"end_time":1753983300,"contest_url":"https://codeforces.com/contest/2129","durationSeconds":10800,"platform":"Codeforces","name":"Codeforces Round 1040 (Div. 1)"},{"start_time":1753972500,"end_time":1753983300,"contest_url":"https://codeforces.com/contest/2130","durationSeconds":10800,"platform":"Codeforces","name":"Codeforces Round 1040 (Div. 2)"},{"start_time":1753626900,"end_time":1753634100,"contest_url":"https://codeforces.com/contest/2128","durationSeconds":7200,"platform":"Codeforces","name":"Codeforces Round 1039 (Div. 2)"},{"start_time":1753194900,"end_time":1753202100,"contest_url":"https://codeforces.com/contest/2125","durationSeconds":7200,"platform":"Codeforces","name":"Educational Codeforces Round 181 (Rated for Div. 2)"},{"start_time":1752935700,"end_time":1752943800,"contest_url":"https://codeforces.com/contest/2122","durationSeconds":8100,"platform":"Codeforces","name":"Order Capital Round 1 (Codeforces Round 1038, Div. 1 + Div. 2)"},{"start_time":1752762900,"end_time":1752771000,"contest_url":"https://codeforces.com/contest/2126","durationSeconds":8100,"platform":"Codeforces","name":"Codeforces Round 1037 (Div. 3)"},{"start_time":1751812500,"end_time":1751823300,"contest_url":"https://codeforces.com/contest/2124","durationSeconds":10800,"platform":"Codeforces","name":"EPIC Institute of Technology Round Summer 2025 (Codeforces Round 1036, Div. 1 + Div. 2)"},{"start_time":1751726100,"end_time":1751733300,"contest_url":"https://codeforces.com/contest/2119","durationSeconds":7200,"platform":"Codeforces","name":"Codeforces Round 1035 (Div. 2)"},{"start_time":1751380500,"end_time":1751388600,"contest_url":"https://codeforces.com/contest/2123","durationSeconds":8100,"platform":"Codeforces","name":"Codeforces Round 1034 (Div. 3)"},{"start_time":1750689300,"end_time":1750696500,"contest_url":"https://codeforces.com/contest/2112","durationSeconds":7200,"platform":"Codeforces","name":"Educational Codeforces Round 180 (Rated for Div. 2)"},{"start_time":1750516500,"end_time":1750523700,"contest_url":"https://codeforces.com/contest/2120","durationSeconds":7200,"platform":"Codeforces","name":"Codeforces Round 1033 (Div. 2) and CodeNite 2025"},{"start_time":1750170900,"end_time":1750179000,"contest_url":"https://codeforces.com/contest/2121","durationSeconds":8100,"platform":"Codeforces","name":"Codeforces Round 1032 (Div. 3)"},{"start_time":1749978300,"end_time":1749985500,"contest_url":"https://codeforces.com/contest/2113","durationSeconds":7200,"platform":"Codeforces","name":"Codeforces Round 1031 (Div. 2)"},{"start_time":1749738900,"end_time":1749746100,"contest_url":"https://codeforces.com/contest/2118","durationSeconds":7200,"platform":"Codeforces","name":"Codeforces Round 1030 (Div. 2)"},{"start_time":1749393300,"end_time":1749401400,"contest_url":"https://codeforces.com/contest/2117","durationSeconds":8100,"platform":"Codeforces","name":"Codeforces Round 1029 (Div. 3)"},{"start_time":1748961300,"end_time":1748968500,"contest_url":"https://codeforces.com/contest/2111","durationSeconds":7200,"platform":"Codeforces","name":"Educational Codeforces Round 179 (Rated for Div. 2)"},{"start_time":1748702100,"end_time":1748709300,"contest_url":"https://codeforces.com/contest/2115","durationSeconds":7200,"platform":"Codeforces","name":"Codeforces Round 1028 (Div. 1)"},{"start_time":1748702100,"end_time":1748709300,"contest_url":"https://codeforces.com/contest/2116","durationSeconds":7200,"platform":"Codeforces","name":"Codeforces Round 1028 (Div. 2)"},{"start_time":1748270100,"end_time":1748278200,"contest_url":"https://codeforces.com/contest/2114","durationSeconds":8100,"platform":"Codeforces","name":"Codeforces Round 1027 (Div. 3)"},{"start_time":1748097300,"end_time":1748104500,"contest_url":"https://codeforces.com/contest/2110","durationSeconds":7200,"platform":"Codeforces","name":"Codeforces Round 1026 (Div. 2)"},{"start_time":1747492500,"end_time":1747500600,"contest_url":"https://codeforces.com/contest/2109","durationSeconds":8100,"platform":"Codeforces","name":"Codeforces Round 1025 (Div. 2)"},{"start_time":1746974100,"end_time":1746983100,"contest_url":"https://codeforces.com/contest/2101","durationSeconds":9000,"platform":"Codeforces","name":"Codeforces Round 1024 (Div. 1)"},{"start_time":1746974100,"end_time":1746983100,"contest_url":"https://codeforces.com/contest/2102","durationSeconds":9000,"platform":"Codeforces","name":"Codeforces Round 1024 (Div. 2)"},{"start_time":1746455700,"end_time":1746463800,"contest_url":"https://codeforces.com/contest/2107","durationSeconds":8100,"platform":"Codeforces","name":"Codeforces Round 1023 (Div. 2)"},{"start_time":1746110100,"end_time":1746117300,"contest_url":"https://codeforces.com/contest/2108","durationSeconds":7200,"platform":"Codeforces","name":"Codeforces Round 1022 (Div. 2)"},{"start_time":1745850900,"end_time":1745858100,"contest_url":"https://codeforces.com/contest/2104","durationSeconds":7200,"platform":"Codeforces","name":"Educational Codeforces Round 178 (Rated for Div. 2)"},{"start_time":1745656500,"end_time":1745667300,"contest_url":"https://codeforces.com/contest/2097","durationSeconds":10800,"platform":"Codeforces","name":"Codeforces Round 1021 (Div. 1)"},{"start_time":1745656500,"end_time":1745667300,"contest_url":"https://codeforces.com/contest/2098","durationSeconds":10800,"platform":"Codeforces","name":"Codeforces Round 1021 (Div. 2)"},{"start_time":1745505300,"end_time":1745513400,"contest_url":"https://codeforces.com/contest/2106","durationSeconds":8100,"platform":"Codeforces","name":"Codeforces Round 1020 (Div. 3)"},{"start_time":1745246100,"end_time":1745253300,"contest_url":"https://codeforces.com/contest/2103","durationSeconds":7200,"platform":"Codeforces","name":"Codeforces Round 1019 (Div. 2)"},{"start_time":1745226000,"end_time":1745830800,"contest_url":"https://codeforces.com/contest/2105","durationSeconds":604800,"platform":"Codeforces","name":"Tact Smart Battle 1"},{"start_time":1745073300,"end_time":1745080500,"contest_url":"https://codeforces.com/contest/2096","durationSeconds":7200,"platform":"Codeforces","name":"Neowise Labs Contest 1 (Codeforces Round 1018, Div. 1 + Div. 2)"},{"start_time":1744558500,"end_time":1744566600,"contest_url":"https://codeforces.com/contest/2094","durationSeconds":8100,"platform":"Codeforces","name":"Codeforces Round 1017 (Div. 4)"},{"start_time":1744122900,"end_time":1744131000,"contest_url":"https://codeforces.com/contest/2093","durationSeconds":8100,"platform":"Codeforces","name":"Codeforces Round 1016 (Div. 3)"},{"start_time":1744036500,"end_time":1744045500,"contest_url":"https://codeforces.com/contest/2087","durationSeconds":9000,"platform":"Codeforces","name":"Kotlin Heroes: Episode 12"},{"start_time":1743863700,"end_time":1743874500,"contest_url":"https://codeforces.com/contest/2084","durationSeconds":10800,"platform":"Codeforces","name":"Teza Round 1 (Codeforces Round 1015, Div. 1 + Div. 2)"},{"start_time":1743690900,"end_time":1743698100,"contest_url":"https://codeforces.com/contest/2086","durationSeconds":7200,"platform":"Codeforces","name":"Educational Codeforces Round 177 (Rated for Div. 2)"},{"start_time":1743518100,"end_time":1743525300,"contest_url":"https://codeforces.com/contest/2095","durationSeconds":7200,"platform":"Codeforces","name":"April Fools Day Contest 2025"},{"start_time":1743428100,"end_time":1744032900,"contest_url":"https://codeforces.com/contest/2088","durationSeconds":604800,"platform":"Codeforces","name":"Kotlin Heroes: Practice 12"},{"start_time":1743258900,"end_time":1743266100,"contest_url":"https://codeforces.com/contest/2092","durationSeconds":7200,"platform":"Codeforces","name":"Codeforces Round 1014 (Div. 2)"},{"start_time":1742913300,"end_time":1742921400,"contest_url":"https://codeforces.com/contest/2091","durationSeconds":8100,"platform":"Codeforces","name":"Codeforces Round 1013 (Div. 3)"},{"start_time":1742708100,"end_time":1742717100,"contest_url":"https://codeforces.com/contest/2089","durationSeconds":9000,"platform":"Codeforces","name":"Codeforces Round 1012 (Div. 1)"},{"start_time":1742708100,"end_time":1742717100,"contest_url":"https://codeforces.com/contest/2090","durationSeconds":9000,"platform":"Codeforces","name":"Codeforces Round 1012 (Div. 2)"},{"start_time":1742654100,"end_time":1742661300,"contest_url":"https://codeforces.com/contest/2085","durationSeconds":7200,"platform":"Codeforces","name":"Codeforces Round 1011 (Div. 2)"},{"start_time":1742222100,"end_time":1742229300,"contest_url":"https://codeforces.com/contest/2075","durationSeconds":7200,"platform":"Codeforces","name":"Educational Codeforces Round 176 (Rated for Div. 2)"},{"start_time":1742049300,"end_time":1742060100,"contest_url":"https://codeforces.com/contest/2081","durationSeconds":10800,"platform":"Codeforces","name":"Codeforces Round 1010 (Div. 1, Unrated)"},{"start_time":1742049300,"end_time":1742060100,"contest_url":"https://codeforces.com/contest/2082","durationSeconds":10800,"platform":"Codeforces","name":"Codeforces Round 1010 (Div. 2, Unrated)"},{"start_time":1741703700,"end_time":1741712700,"contest_url":"https://codeforces.com/contest/2074","durationSeconds":9000,"platform":"Codeforces","name":"Codeforces Round 1009 (Div. 3)"},{"start_time":1741617900,"end_time":1741626900,"contest_url":"https://codeforces.com/contest/2077","durationSeconds":9000,"platform":"Codeforces","name":"Codeforces Round 1008 (Div. 1)"},{"start_time":1741617900,"end_time":1741626900,"contest_url":"https://codeforces.com/contest/2078","durationSeconds":9000,"platform":"Codeforces","name":"Codeforces Round 1008 (Div. 2)"},{"start_time":1741593900,"end_time":1741611900,"contest_url":"https://codeforces.com/contest/2080","durationSeconds":18000,"platform":"Codeforces","name":"XIX Open Olympiad in Informatics - Final Stage, Day 2 (Unrated, Online Mirror, IOI rules)"},{"start_time":1741334700,"end_time":1741352700,"contest_url":"https://codeforces.com/contest/2079","durationSeconds":18000,"platform":"Codeforces","name":"XIX Open Olympiad in Informatics - Final Stage, Day 1 (Unrated, Online Mirror, IOI rules)"},{"start_time":1740911700,"end_time":1740929700,"contest_url":"https://codeforces.com/contest/2068","durationSeconds":18000,"platform":"Codeforces","name":"European Championship 2025 - Online Mirror (Unrated, ICPC Rules, Teams Preferred)"},{"start_time":1740794700,"end_time":1740812700,"contest_url":"https://codeforces.com/contest/2073","durationSeconds":18000,"platform":"Codeforces","name":"2025 ICPC Asia Pacific Championship - Online Mirror (Unrated, Online Mirror, ICPC Rules, Teams Preferred)"},{"start_time":1740753300,"end_time":1740761400,"contest_url":"https://codeforces.com/contest/2071","durationSeconds":8100,"platform":"Codeforces","name":"Codeforces Round 1007 (Div. 2)"},{"start_time":1740666900,"end_time":1740674100,"contest_url":"https://codeforces.com/contest/2070","durationSeconds":7200,"platform":"Codeforces","name":"Educational Codeforces Round 175 (Rated for Div. 2)"},{"start_time":1740494100,"end_time":1740502200,"contest_url":"https://codeforces.com/contest/2072","durationSeconds":8100,"platform":"Codeforces","name":"Codeforces Round 1006 (Div. 3)"},{"start_time":1756002600,"end_time":1756008000,"contest_url":"https://leetcode.com/contest/weekly-contest-464","durationSeconds":5400,"platform":"LeetCode","name":"Weekly Contest 464"},{"start_time":1756564200,"end_time":1756569600,"contest_url":"https://leetcode.com/contest/biweekly-contest-164","durationSeconds":5400,"platform":"LeetCode","name":"Biweekly Contest 164"},{"start_time":1756098000,"end_time":1756114200,"contest_url":"https://www.luogu.com.cn/contest/264992","durationSeconds":16200,"platform":"洛谷","name":"MatrixGroup's Unknown Round"},{"start_time":1756015200,"end_time":1756027800,"contest_url":"https://www.luogu.com.cn/contest/270370","durationSeconds":12600,"platform":"洛谷","name":"【MX-J21】梦熊 J 组 · 企鹅赛 & FAOI-R6（同步赛）"},{"start_time":1756015200,"end_time":1756027800,"contest_url":"https://www.luogu.com.cn/contest/270369","durationSeconds":12600,"platform":"洛谷","name":"【MX-X18】梦熊 X 组 · 企鹅赛 & FAOI-R6（同步赛）"},{"start_time":1755928800,"end_time":1755941400,"contest_url":"https://www.luogu.com.cn/contest/241168","durationSeconds":12600,"platform":"洛谷","name":"【LGR-237-Div.3】洛谷基础赛 #25 & Diligent-OI Round 2"},{"start_time":1755860400,"end_time":1755867600,"contest_url":"https://www.luogu.com.cn/contest/270110","durationSeconds":7200,"platform":"洛谷","name":"【LGR-239-Div.4】洛谷入门赛 #38"},{"start_time":1755840600,"end_time":1755851400,"contest_url":"https://www.luogu.com.cn/contest/220842","durationSeconds":10800,"platform":"洛谷","name":"「LDOI」Round #3"},{"start_time":1755756000,"end_time":1755770400,"contest_url":"https://www.luogu.com.cn/contest/227926","durationSeconds":14400,"platform":"洛谷","name":"『Fwb』Round 2 之夏日心动"},{"start_time":1755583200,"end_time":1755597600,"contest_url":"https://www.luogu.com.cn/contest/237166","durationSeconds":14400,"platform":"洛谷","name":"o.OI Round 2"},{"start_time":1755410400,"end_time":1755423000,"contest_url":"https://www.luogu.com.cn/contest/268622","durationSeconds":12600,"platform":"洛谷","name":"【MX-X17】梦熊 X 组 · 芝士赛（同步赛）"},{"start_time":1755410400,"end_time":1755423000,"contest_url":"https://www.luogu.com.cn/contest/268623","durationSeconds":12600,"platform":"洛谷","name":"【MX-J20】梦熊 J 组 · 芝士赛（同步赛）"},{"start_time":1755392400,"end_time":1755399600,"contest_url":"https://www.luogu.com.cn/contest/249017","durationSeconds":7200,"platform":"洛谷","name":"Brooklyn Round 2 & NNOI Round 2"},{"start_time":1755324000,"end_time":1755338400,"contest_url":"https://www.luogu.com.cn/contest/265532","durationSeconds":14400,"platform":"洛谷","name":"『MGVOI』Round 1 加强赛"},{"start_time":1755153000,"end_time":1755160200,"contest_url":"https://www.luogu.com.cn/contest/261748","durationSeconds":7200,"platform":"洛谷","name":"【LGR-(-27)】SCP 2025 第一轮（初赛 S 组）模拟"},{"start_time":1755064800,"end_time":1755079200,"contest_url":"https://www.luogu.com.cn/contest/250409","durationSeconds":14400,"platform":"洛谷","name":"【LGR-238-Div.2】洛谷 8 月月赛 III & PumpkinOI Round 2"},{"start_time":1754978400,"end_time":1754992800,"contest_url":"https://www.luogu.com.cn/contest/242562","durationSeconds":14400,"platform":"洛谷","name":"「CyOI」Round 1"},{"start_time":1754805600,"end_time":1754818200,"contest_url":"https://www.luogu.com.cn/contest/265699","durationSeconds":12600,"platform":"洛谷","name":"【MX-J19】梦熊 J 组 · 异或赛 & DLESS Round 3（同步赛）"},{"start_time":1754805600,"end_time":1754818200,"contest_url":"https://www.luogu.com.cn/contest/265698","durationSeconds":12600,"platform":"洛谷","name":"【MX-X16】梦熊 X 组 · 异或赛 & DLESS Round 3（同步赛）"},{"start_time":1754789400,"end_time":1754796600,"contest_url":"https://www.luogu.com.cn/contest/261747","durationSeconds":7200,"platform":"洛谷","name":"【LGR-(-26)】SCP 2025 第一轮（初赛 J 组）模拟"},{"start_time":1754719200,"end_time":1754733600,"contest_url":"https://www.luogu.com.cn/contest/232936","durationSeconds":14400,"platform":"洛谷","name":"【LGR-236-Div.2】洛谷 8 月月赛 II & IAMOI Round #2"},{"start_time":1754632800,"end_time":1754647200,"contest_url":"https://www.luogu.com.cn/contest/244596","durationSeconds":14400,"platform":"洛谷","name":"TPOI Round 5 & Q Round"},{"start_time":1755860400,"end_time":1755871200,"contest_url":"https://ac.nowcoder.com/acm/contest/115997","durationSeconds":10800,"platform":"牛客","name":"牛客挑战赛81"},{"start_time":1756033200,"end_time":1756040400,"contest_url":"https://ac.nowcoder.com/acm/contest/116002","durationSeconds":7200,"platform":"牛客","name":"牛客周赛 Round 106"},{"start_time":1756465200,"end_time":1756474200,"contest_url":"https://ac.nowcoder.com/acm/contest/115999","durationSeconds":9000,"platform":"牛客","name":"牛客练习赛143"},{"start_time":1755428400,"end_time":1755435600,"contest_url":"https://ac.nowcoder.com/acm/contest/115861","durationSeconds":7200,"platform":"牛客","name":"牛客周赛 Round 105"},{"start_time":1755144000,"end_time":1755162000,"contest_url":"https://ac.nowcoder.com/acm/contest/108307","durationSeconds":18000,"platform":"牛客","name":"\"影石Insta360杯\"2025牛客暑期多校训练营10"},{"start_time":1754971200,"end_time":1754989200,"contest_url":"https://ac.nowcoder.com/acm/contest/108306","durationSeconds":18000,"platform":"牛客","name":"\"影石Insta360杯\"2025牛客暑期多校训练营9"},{"start_time":1754823600,"end_time":1754830800,"contest_url":"https://ac.nowcoder.com/acm/contest/114848","durationSeconds":7200,"platform":"牛客","name":"牛客周赛 Round 104"},{"start_time":1754539200,"end_time":1754557200,"contest_url":"https://ac.nowcoder.com/acm/contest/108305","durationSeconds":18000,"platform":"牛客","name":"2025牛客暑期多校训练营8"},{"start_time":1754366400,"end_time":1754384400,"contest_url":"https://ac.nowcoder.com/acm/contest/108304","durationSeconds":18000,"platform":"牛客","name":"&quot;现代汽车前瞻杯&quot;2025牛客暑期多校训练营7"},{"start_time":1754218800,"end_time":1754226000,"contest_url":"https://ac.nowcoder.com/acm/contest/114593","durationSeconds":7200,"platform":"牛客","name":"牛客周赛 Round 103"},{"start_time":1753934400,"end_time":1753952400,"contest_url":"https://ac.nowcoder.com/acm/contest/108303","durationSeconds":18000,"platform":"牛客","name":"2025牛客暑期多校训练营6"},{"start_time":1753761600,"end_time":1753779600,"contest_url":"https://ac.nowcoder.com/acm/contest/108302","durationSeconds":18000,"platform":"牛客","name":"2025牛客暑期多校训练营5"},{"start_time":1753614000,"end_time":1753621200,"contest_url":"https://ac.nowcoder.com/acm/contest/114111","durationSeconds":7200,"platform":"牛客","name":"牛客周赛 Round 102"},{"start_time":1755666000,"end_time":1755680400,"contest_url":"https://ac.nowcoder.com/acm/contest/116216","durationSeconds":14400,"platform":"牛客","name":"河南萌新联赛2025第（六）场：郑州大学"},{"start_time":1755061200,"end_time":1755075600,"contest_url":"https://ac.nowcoder.com/acm/contest/115567","durationSeconds":14400,"platform":"牛客","name":"河南萌新联赛2025第（五）场：信息工程大学&rdquo;"},{"start_time":1754456400,"end_time":1754470800,"contest_url":"https://ac.nowcoder.com/acm/contest/115184","durationSeconds":14400,"platform":"牛客","name":"河南萌新联赛2025第（四）场：河南大学"},{"start_time":1753851600,"end_time":1753866000,"contest_url":"https://ac.nowcoder.com/acm/contest/114806","durationSeconds":14400,"platform":"牛客","name":"河南萌新联赛2025第（三）场：河南理工大学"},{"start_time":1753246800,"end_time":1753261200,"contest_url":"https://ac.nowcoder.com/acm/contest/114408","durationSeconds":14400,"platform":"牛客","name":"河南萌新联赛2025第（二）场：河南农业大学"},{"start_time":1752642000,"end_time":1752656400,"contest_url":"https://ac.nowcoder.com/acm/contest/113664","durationSeconds":14400,"platform":"牛客","name":"河南萌新联赛2025第（一）场：河南工业大学"},{"start_time":1752382800,"end_time":1752400800,"contest_url":"https://ac.nowcoder.com/acm/contest/112732","durationSeconds":18000,"platform":"牛客","name":"2025年第一届上海师范大学程序设计竞赛（同步赛）"},{"start_time":1751778000,"end_time":1751796000,"contest_url":"https://ac.nowcoder.com/acm/contest/112889","durationSeconds":18000,"platform":"牛客","name":"新疆大学2025年7月月赛（同步赛）"},{"start_time":1751251200,"end_time":1751269200,"contest_url":"https://ac.nowcoder.com/acm/contest/112692","durationSeconds":18000,"platform":"牛客","name":"金山杯2025年武汉理工大学程序设计竞赛"},{"start_time":1751085000,"end_time":1751103000,"contest_url":"https://ac.nowcoder.com/acm/contest/111679","durationSeconds":18000,"platform":"牛客","name":"第五届上海理工大学程序设计全国挑战赛"},{"start_time":1750557600,"end_time":1750575600,"contest_url":"https://ac.nowcoder.com/acm/contest/112080","durationSeconds":18000,"platform":"牛客","name":"第十二届成都信息工程大学ACM程序设计竞赛同步赛"}]