[{"name": "AtCoder Heuristic Contest 052", "contest_url": "https://atcoder.jp/contests/ahc052", "start_time": 1755928800.0, "durationSeconds": 14400, "end_time": 1755943200.0, "platform": "AtCoder"},{"name": "AtCoder Beginner Contest 420", "contest_url": "https://atcoder.jp/contests/abc420", "start_time": 1756036800.0, "durationSeconds": 6000, "end_time": 1756042800.0, "platform": "AtCoder"},{"name": "AtCoder Beginner Contest 421", "contest_url": "https://atcoder.jp/contests/abc421", "start_time": 1756555200.0, "durationSeconds": 6000, "end_time": 1756561200.0, "platform": "AtCoder"},{"name": "AtCoder Regular Contest 205 (Div. 2)", "contest_url": "https://atcoder.jp/contests/arc205", "start_time": 1757160000.0, "durationSeconds": 7200, "end_time": 1757167200.0, "platform": "AtCoder"},{"name": "AtCoder Beginner Contest 422", "contest_url": "https://atcoder.jp/contests/abc422", "start_time": 1757218200.0, "durationSeconds": 6000, "end_time": 1757224200.0, "platform": "AtCoder"},{"name": "12th Asprova Programming Contest（AtCoder Heuristic Contest 053）", "contest_url": "https://atcoder.jp/contests/ahc053", "start_time": 1757757600.0, "durationSeconds": 14400, "end_time": 1757772000.0, "platform": "AtCoder"},{"name": "AtCoder Grand Contest 073", "contest_url": "https://atcoder.jp/contests/agc073", "start_time": 1759060800.0, "durationSeconds": 10800, "end_time": 1759071600.0, "platform": "AtCoder"}]