[{"start_time": 1755432000.0, "contest_url": "https://atcoder.jp/contests/arc204", "name": "AtCoder Regular Contest 204 (Div. 1)", "durationSeconds": 9000, "end_time": 1755441000.0, "platform": "AtCoder"},{"start_time": 1755345600.0, "contest_url": "https://atcoder.jp/contests/abc419", "name": "AtCoder Beginner Contest 419", "durationSeconds": 6000, "end_time": 1755351600.0, "platform": "AtCoder"},{"start_time": 1754740800.0, "contest_url": "https://atcoder.jp/contests/abc418", "name": "AtCoder Beginner Contest 418", "durationSeconds": 6000, "end_time": 1754746800.0, "platform": "AtCoder"},{"start_time": 1754222400.0, "contest_url": "https://atcoder.jp/contests/arc203", "name": "AtCoder Regular Contest 203 (Div. 2)", "durationSeconds": 7200, "end_time": 1754229600.0, "platform": "AtCoder"},{"start_time": 1754136000.0, "contest_url": "https://atcoder.jp/contests/abc417", "name": "AtCoder Beginner Contest 417", "durationSeconds": 6000, "end_time": 1754142000.0, "platform": "AtCoder"},{"start_time": 1754042400.0, "contest_url": "https://atcoder.jp/contests/ahc051", "name": "THIRD Programming Contest 2025 Summer（AtCoder Heuristic Contest 051）", "durationSeconds": 864000, "end_time": 1754906400.0, "platform": "AtCoder"},{"start_time": 1753531200.0, "contest_url": "https://atcoder.jp/contests/abc416", "name": "AtCoder Beginner Contest 416", "durationSeconds": 6000, "end_time": 1753537200.0, "platform": "AtCoder"},{"start_time": 1753012800.0, "contest_url": "https://atcoder.jp/contests/arc202", "name": "AtCoder Regular Contest 202 (Div. 1)", "durationSeconds": 9000, "end_time": 1753021800.0, "platform": "AtCoder"},{"start_time": 1752926400.0, "contest_url": "https://atcoder.jp/contests/abc415", "name": "Japan Registry Services (JPRS) Programming Contest 2025#2 (AtCoder Beginner Contest 415)", "durationSeconds": 6000, "end_time": 1752932400.0, "platform": "AtCoder"},{"start_time": 1752721200.0, "contest_url": "https://atcoder.jp/contests/awtf2025algo-open", "name": "World Tour Finals 2025 Algorithm（Open Contest）", "durationSeconds": 18000, "end_time": 1752739200.0, "platform": "AtCoder"},{"start_time": 1752721200.0, "contest_url": "https://atcoder.jp/contests/awtf2025algo", "name": "World Tour Finals 2025 Algorithm", "durationSeconds": 18000, "end_time": 1752739200.0, "platform": "AtCoder"},{"start_time": 1752624000.0, "contest_url": "https://atcoder.jp/contests/awtf2025heuristic", "name": "World Tour Finals 2025 Heuristic", "durationSeconds": 36000, "end_time": 1752660000.0, "platform": "AtCoder"},{"start_time": 1752321600.0, "contest_url": "https://atcoder.jp/contests/abc414", "name": " Mirrativ Programming Contest 2025 (AtCoder Beginner Contest 414)", "durationSeconds": 6000, "end_time": 1752327600.0, "platform": "AtCoder"},{"start_time": 1751796000.0, "contest_url": "https://atcoder.jp/contests/ahc050", "name": "AtCoder Heuristic Contest 050", "durationSeconds": 14400, "end_time": 1751810400.0, "platform": "AtCoder"},{"start_time": 1751716800.0, "contest_url": "https://atcoder.jp/contests/abc413", "name": "Denso Create Programming Contest 2025（AtCoder Beginner Contest 413）", "durationSeconds": 6000, "end_time": 1751722800.0, "platform": "AtCoder"},{"start_time": 1751112000.0, "contest_url": "https://atcoder.jp/contests/abc412", "name": "AtCoder Beginner Contest 412", "durationSeconds": 6000, "end_time": 1751118000.0, "platform": "AtCoder"},{"start_time": 1750593600.0, "contest_url": "https://atcoder.jp/contests/arc201", "name": "AtCoder Regular Contest 201", "durationSeconds": 7200, "end_time": 1750600800.0, "platform": "AtCoder"},{"start_time": 1750507200.0, "contest_url": "https://atcoder.jp/contests/abc411", "name": "UNIQUE VISION Programming Contest 2025 Summer (AtCoder Beginner Contest 411)", "durationSeconds": 6000, "end_time": 1750513200.0, "platform": "AtCoder"},{"start_time": 1750485600.0, "contest_url": "https://atcoder.jp/contests/ahc049", "name": "Toyota Programming Contest 2025#3（AtCoder Heuristic Contest 049）", "durationSeconds": 14400, "end_time": 1750500000.0, "platform": "AtCoder"},{"start_time": 1749988800.0, "contest_url": "https://atcoder.jp/contests/arc200", "name": "AtCoder Regular Contest 200 (Div. 2)", "durationSeconds": 7200, "end_time": 1749996000.0, "platform": "AtCoder"},{"start_time": 1749902400.0, "contest_url": "https://atcoder.jp/contests/abc410", "name": "AtCoder Beginner Contest 410", "durationSeconds": 6000, "end_time": 1749908400.0, "platform": "AtCoder"},{"start_time": 1749297600.0, "contest_url": "https://atcoder.jp/contests/abc409", "name": "AtCoder Beginner Contest 409", "durationSeconds": 6000, "end_time": 1749303600.0, "platform": "AtCoder"},{"start_time": 1748779200.0, "contest_url": "https://atcoder.jp/contests/arc199", "name": "AtCoder Regular Contest 199 (Div. 1)", "durationSeconds": 9000, "end_time": 1748788200.0, "platform": "AtCoder"},{"start_time": 1748692800.0, "contest_url": "https://atcoder.jp/contests/abc408", "name": "AtCoder Beginner Contest 408", "durationSeconds": 6000, "end_time": 1748698800.0, "platform": "AtCoder"},{"start_time": 1748599200.0, "contest_url": "https://atcoder.jp/contests/ahc048", "name": "MC Digital Programming Contest 2025 (AtCoder Heuristic Contest 048)", "durationSeconds": 864000, "end_time": 1749463200.0, "platform": "AtCoder"},{"start_time": 1748174400.0, "contest_url": "https://atcoder.jp/contests/arc198", "name": "AtCoder Regular Contest 198 (Div. 2)", "durationSeconds": 7200, "end_time": 1748181600.0, "platform": "AtCoder"},{"start_time": 1748088000.0, "contest_url": "https://atcoder.jp/contests/abc407", "name": "AtCoder Beginner Contest 407", "durationSeconds": 6000, "end_time": 1748094000.0, "platform": "AtCoder"},{"start_time": 1747562400.0, "contest_url": "https://atcoder.jp/contests/ahc047", "name": "Toyota Programming Contest 2025#2（AtCoder Heuristic Contest 047）", "durationSeconds": 14400, "end_time": 1747576800.0, "platform": "AtCoder"},{"start_time": 1747483200.0, "contest_url": "https://atcoder.jp/contests/abc406", "name": "Panasonic Programming Contest 2025（AtCoder Beginner Contest 406）", "durationSeconds": 6000, "end_time": 1747489200.0, "platform": "AtCoder"},{"start_time": 1746878400.0, "contest_url": "https://atcoder.jp/contests/abc405", "name": "AtCoder Beginner Contest 405", "durationSeconds": 6000, "end_time": 1746884400.0, "platform": "AtCoder"},{"start_time": 1746360000.0, "contest_url": "https://atcoder.jp/contests/arc197", "name": "AtCoder Regular Contest 197 (Div. 2)", "durationSeconds": 7200, "end_time": 1746367200.0, "platform": "AtCoder"},{"start_time": 1746273600.0, "contest_url": "https://atcoder.jp/contests/abc404", "name": "AtCoder Beginner Contest 404", "durationSeconds": 6000, "end_time": 1746279600.0, "platform": "AtCoder"},{"start_time": 1745755200.0, "contest_url": "https://atcoder.jp/contests/abc403", "name": "AtCoder Beginner Contest 403", "durationSeconds": 6000, "end_time": 1745761200.0, "platform": "AtCoder"},{"start_time": 1745647200.0, "contest_url": "https://atcoder.jp/contests/ahc046", "name": "BrainPad Programming Contest 2025 （AtCoder Heuristic Contest 046）", "durationSeconds": 14400, "end_time": 1745661600.0, "platform": "AtCoder"},{"start_time": 1745150400.0, "contest_url": "https://atcoder.jp/contests/agc072", "name": "AtCoder Grand Contest 072", "durationSeconds": 10800, "end_time": 1745161200.0, "platform": "AtCoder"},{"start_time": 1745064000.0, "contest_url": "https://atcoder.jp/contests/abc402", "name": "Tokio Marine & Nichido Fire Insurance Programming Contest 2025  (AtCoder Beginner Contest 402)", "durationSeconds": 6000, "end_time": 1745070000.0, "platform": "AtCoder"},{"start_time": 1744459200.0, "contest_url": "https://atcoder.jp/contests/abc401", "name": "AtCoder Beginner Contest 401", "durationSeconds": 6000, "end_time": 1744465200.0, "platform": "AtCoder"},{"start_time": 1743940800.0, "contest_url": "https://atcoder.jp/contests/arc196", "name": "AtCoder Regular Contest 196 (Div. 1)", "durationSeconds": 9000, "end_time": 1743949800.0, "platform": "AtCoder"},{"start_time": 1743854400.0, "contest_url": "https://atcoder.jp/contests/abc400", "name": "AtCoder Beginner Contest 400", "durationSeconds": 6000, "end_time": 1743860400.0, "platform": "AtCoder"},{"start_time": 1743336000.0, "contest_url": "https://atcoder.jp/contests/agc071", "name": "AtCoder Grand Contest 071", "durationSeconds": 10800, "end_time": 1743346800.0, "platform": "AtCoder"},{"start_time": 1743249600.0, "contest_url": "https://atcoder.jp/contests/abc399", "name": "AtCoder Beginner Contest 399", "durationSeconds": 6000, "end_time": 1743255600.0, "platform": "AtCoder"},{"start_time": 1743156000.0, "contest_url": "https://atcoder.jp/contests/ahc045", "name": "THIRD PROGRAMMING CONTEST 2025（AtCoder Heuristic Contest 045）", "durationSeconds": 864000, "end_time": 1744020000.0, "platform": "AtCoder"},{"start_time": 1742731200.0, "contest_url": "https://atcoder.jp/contests/arc195", "name": "AtCoder Regular Contest 195 (Div. 2)", "durationSeconds": 7200, "end_time": 1742738400.0, "platform": "AtCoder"},{"start_time": 1742644800.0, "contest_url": "https://atcoder.jp/contests/abc398", "name": "UNIQUE VISION Programming Contest 2025 Spring (AtCoder Beginner Contest 398)", "durationSeconds": 6000, "end_time": 1742650800.0, "platform": "AtCoder"},{"start_time": 1742119200.0, "contest_url": "https://atcoder.jp/contests/ahc044", "name": "AtCoder Heuristic Contest 044", "durationSeconds": 14400, "end_time": 1742133600.0, "platform": "AtCoder"},{"start_time": 1742040000.0, "contest_url": "https://atcoder.jp/contests/abc397", "name": "OMRON Corporation Programming Contest 2025 (AtCoder Beginner Contest 397)", "durationSeconds": 6000, "end_time": 1742046000.0, "platform": "AtCoder"},{"start_time": 1741521600.0, "contest_url": "https://atcoder.jp/contests/arc194", "name": "AtCoder Regular Contest 194 (Div. 2)", "durationSeconds": 7200, "end_time": 1741528800.0, "platform": "AtCoder"},{"start_time": 1741435200.0, "contest_url": "https://atcoder.jp/contests/abc396", "name": "AtCoder Beginner Contest 396", "durationSeconds": 6000, "end_time": 1741441200.0, "platform": "AtCoder"},{"start_time": 1740888000.0, "contest_url": "https://atcoder.jp/contests/masters2025-qual", "name": "The 2nd Masters Championship-qual-", "durationSeconds": 21600, "end_time": 1740909600.0, "platform": "AtCoder"},{"start_time": 1740830400.0, "contest_url": "https://atcoder.jp/contests/abc395", "name": "AtCoder Beginner Contest 395", "durationSeconds": 6000, "end_time": 1740836400.0, "platform": "AtCoder"},{"start_time": 1740312000.0, "contest_url": "https://atcoder.jp/contests/arc193", "name": "AtCoder Regular Contest 193 (Div. 1)", "durationSeconds": 9000, "end_time": 1740321000.0, "platform": "AtCoder"},{"start_time": 1740225600.0, "contest_url": "https://atcoder.jp/contests/abc394", "name": "KAJIMA CORPORATION CONTEST 2025 (AtCoder Beginner Contest 394)", "durationSeconds": 6000, "end_time": 1740231600.0, "platform": "AtCoder"},{"start_time": 1739620800.0, "contest_url": "https://atcoder.jp/contests/abc393", "name": "AtCoder Beginner Contest 393", "durationSeconds": 6000, "end_time": 1739626800.0, "platform": "AtCoder"},{"start_time": 1739527200.0, "contest_url": "https://atcoder.jp/contests/ahc043", "name": "RECRUIT Nihonbashi Half Marathon 2025 Winter（AtCoder Heuristic Contest 043）", "durationSeconds": 864000, "end_time": 1740391200.0, "platform": "AtCoder"},{"start_time": 1739102400.0, "contest_url": "https://atcoder.jp/contests/arc192", "name": "AtCoder Regular Contest 192 (Div. 2)", "durationSeconds": 7200, "end_time": 1739109600.0, "platform": "AtCoder"},{"start_time": 1739016000.0, "contest_url": "https://atcoder.jp/contests/abc392", "name": "Japan Registry Services (JPRS) Programming Contest 2025#1 (AtCoder Beginner Contest 392)", "durationSeconds": 6000, "end_time": 1739022000.0, "platform": "AtCoder"},{"start_time": 1738490400.0, "contest_url": "https://atcoder.jp/contests/ahc042", "name": "AtCoder Heuristic Contest 042", "durationSeconds": 14400, "end_time": 1738504800.0, "platform": "AtCoder"},{"start_time": 1738411200.0, "contest_url": "https://atcoder.jp/contests/abc391", "name": "AtCoder Beginner Contest 391", "durationSeconds": 6000, "end_time": 1738417200.0, "platform": "AtCoder"},{"start_time": 1737892800.0, "contest_url": "https://atcoder.jp/contests/arc191", "name": "AtCoder Regular Contest 191 (Div. 2)", "durationSeconds": 7200, "end_time": 1737900000.0, "platform": "AtCoder"},{"start_time": 1737806400.0, "contest_url": "https://atcoder.jp/contests/abc390", "name": "AtCoder Beginner Contest 390", "durationSeconds": 6000, "end_time": 1737812400.0, "platform": "AtCoder"},{"start_time": 1737266400.0, "contest_url": "https://atcoder.jp/contests/ahc041", "name": "ALGO ARTIS Programming Contest 2025 Winter（AtCoder Heuristic Contest 041）", "durationSeconds": 14400, "end_time": 1737280800.0, "platform": "AtCoder"},{"start_time": 1737201600.0, "contest_url": "https://atcoder.jp/contests/abc389", "name": "Toyota Programming Contest  2025（AtCoder Beginner Contest 389)", "durationSeconds": 6000, "end_time": 1737207600.0, "platform": "AtCoder"},{"start_time": 1736683200.0, "contest_url": "https://atcoder.jp/contests/arc190", "name": "AtCoder Regular Contest 190 (Div. 1)", "durationSeconds": 7200, "end_time": 1736690400.0, "platform": "AtCoder"},{"start_time": 1736596800.0, "contest_url": "https://atcoder.jp/contests/abc388", "name": "HHKB Programming Contest 2025(AtCoder Beginner Contest 388)", "durationSeconds": 6000, "end_time": 1736602800.0, "platform": "AtCoder"},{"start_time": 1735992000.0, "contest_url": "https://atcoder.jp/contests/abc387", "name": "AtCoder Beginner Contest 387", "durationSeconds": 6000, "end_time": 1735998000.0, "platform": "AtCoder"},{"start_time": 1735473600.0, "contest_url": "https://atcoder.jp/contests/agc070", "name": "AtCoder Grand Contest 070", "durationSeconds": 10800, "end_time": 1735484400.0, "platform": "AtCoder"},{"start_time": 1735387200.0, "contest_url": "https://atcoder.jp/contests/abc386", "name": "AtCoder Beginner Contest 386", "durationSeconds": 6000, "end_time": 1735393200.0, "platform": "AtCoder"},{"start_time": 1734782400.0, "contest_url": "https://atcoder.jp/contests/abc385", "name": "UNIQUE VISION Programming Contest 2024 Christmas (AtCoder Beginner Contest 385)", "durationSeconds": 6000, "end_time": 1734788400.0, "platform": "AtCoder"},{"start_time": 1734235200.0, "contest_url": "https://atcoder.jp/contests/ttpc2024_2", "name": "Tokyo Tech Programming Contest 2024 (Div. 2)", "durationSeconds": 18000, "end_time": 1734253200.0, "platform": "AtCoder"},{"start_time": 1734235200.0, "contest_url": "https://atcoder.jp/contests/ttpc2024_1", "name": "Tokyo Tech Programming Contest 2024 (Div. 1)", "durationSeconds": 18000, "end_time": 1734253200.0, "platform": "AtCoder"},{"start_time": 1734177600.0, "contest_url": "https://atcoder.jp/contests/abc384", "name": "Toyota Programming Contest 2024#12（AtCoder Beginner Contest 384）", "durationSeconds": 6000, "end_time": 1734183600.0, "platform": "AtCoder"},{"start_time": 1733659200.0, "contest_url": "https://atcoder.jp/contests/arc189", "name": "AtCoder Regular Contest 189 (Div. 2)", "durationSeconds": 7200, "end_time": 1733666400.0, "platform": "AtCoder"},{"start_time": 1733572800.0, "contest_url": "https://atcoder.jp/contests/abc383", "name": "Daiwa Securities Co. Ltd. Programming Contest 2024（AtCoder Beginner Contest 383）", "durationSeconds": 6000, "end_time": 1733578800.0, "platform": "AtCoder"},{"start_time": 1732968000.0, "contest_url": "https://atcoder.jp/contests/abc382", "name": "AtCoder Beginner Contest 382", "durationSeconds": 6000, "end_time": 1732974000.0, "platform": "AtCoder"},{"start_time": 1732874400.0, "contest_url": "https://atcoder.jp/contests/ahc040", "name": "HACK TO THE FUTURE 2025  (AtCoder Heuristic Contest 040)", "durationSeconds": 864000, "end_time": 1733738400.0, "platform": "AtCoder"},{"start_time": 1732449600.0, "contest_url": "https://atcoder.jp/contests/agc069", "name": "AtCoder Grand Contest 069", "durationSeconds": 10800, "end_time": 1732460400.0, "platform": "AtCoder"},{"start_time": 1732363200.0, "contest_url": "https://atcoder.jp/contests/arc188", "name": "estie Programming Contest 2024 (AtCoder Regular Contest 188)", "durationSeconds": 7200, "end_time": 1732370400.0, "platform": "AtCoder"},{"start_time": 1732276800.0, "contest_url": "https://atcoder.jp/contests/abc381", "name": "AtCoder Beginner Contest 381", "durationSeconds": 6000, "end_time": 1732282800.0, "platform": "AtCoder"},{"start_time": 1731844800.0, "contest_url": "https://atcoder.jp/contests/arc187", "name": "AtCoder Regular Contest 187", "durationSeconds": 7200, "end_time": 1731852000.0, "platform": "AtCoder"},{"start_time": 1731758400.0, "contest_url": "https://atcoder.jp/contests/abc380", "name": "AtCoder Beginner Contest 380", "durationSeconds": 6000, "end_time": 1731764400.0, "platform": "AtCoder"},{"start_time": 1731218400.0, "contest_url": "https://atcoder.jp/contests/ahc039", "name": "THIRD PROGRAMMING CONTEST 2024（AtCoder Heuristic Contest 039）", "durationSeconds": 14400, "end_time": 1731232800.0, "platform": "AtCoder"},{"start_time": 1731153600.0, "contest_url": "https://atcoder.jp/contests/abc379", "name": "Toyota Programming Contest 2024#11（AtCoder Beginner Contest 379）", "durationSeconds": 6000, "end_time": 1731159600.0, "platform": "AtCoder"},{"start_time": 1730548800.0, "contest_url": "https://atcoder.jp/contests/abc378", "name": "AtCoder Beginner Contest 378", "durationSeconds": 6000, "end_time": 1730554800.0, "platform": "AtCoder"},{"start_time": 1730030400.0, "contest_url": "https://atcoder.jp/contests/arc186", "name": "AtCoder Regular Contest 186", "durationSeconds": 7200, "end_time": 1730037600.0, "platform": "AtCoder"},{"start_time": 1729944000.0, "contest_url": "https://atcoder.jp/contests/abc377", "name": "TOYOTA SYSTEMS Programming Contest 2024（AtCoder Beginner Contest 377)", "durationSeconds": 6000, "end_time": 1729950000.0, "platform": "AtCoder"},{"start_time": 1729339200.0, "contest_url": "https://atcoder.jp/contests/abc376", "name": "AtCoder Beginner Contest 376", "durationSeconds": 6000, "end_time": 1729345200.0, "platform": "AtCoder"},{"start_time": 1728820800.0, "contest_url": "https://atcoder.jp/contests/arc185", "name": "AtCoder Regular Contest 185", "durationSeconds": 7200, "end_time": 1728828000.0, "platform": "AtCoder"},{"start_time": 1728734400.0, "contest_url": "https://atcoder.jp/contests/abc375", "name": "Panasonic Programming Contest 2024（AtCoder Beginner Contest 375）", "durationSeconds": 6000, "end_time": 1728740400.0, "platform": "AtCoder"},{"start_time": 1728129600.0, "contest_url": "https://atcoder.jp/contests/abc374", "name": "KEYENCE Programming Contest 2024（AtCoder Beginner Contest 374）", "durationSeconds": 6000, "end_time": 1728135600.0, "platform": "AtCoder"},{"start_time": 1728036000.0, "contest_url": "https://atcoder.jp/contests/ahc038", "name": "Toyota Programming Contest 2024#10（AtCoder Heuristic Contest 038）", "durationSeconds": 864000, "end_time": 1728900000.0, "platform": "AtCoder"},{"start_time": 1727611200.0, "contest_url": "https://atcoder.jp/contests/agc068", "name": "AtCoder Grand Contest 068", "durationSeconds": 10800, "end_time": 1727622000.0, "platform": "AtCoder"},{"start_time": 1727524800.0, "contest_url": "https://atcoder.jp/contests/abc373", "name": "AtCoder Beginner Contest 373", "durationSeconds": 6000, "end_time": 1727530800.0, "platform": "AtCoder"},{"start_time": 1727006400.0, "contest_url": "https://atcoder.jp/contests/arc184", "name": "AtCoder Regular Contest 184", "durationSeconds": 7200, "end_time": 1727013600.0, "platform": "AtCoder"},{"start_time": 1726920000.0, "contest_url": "https://atcoder.jp/contests/abc372", "name": "UNIQUE VISION Programming Contest 2024 Autumn (AtCoder Beginner Contest 372)", "durationSeconds": 6000, "end_time": 1726926000.0, "platform": "AtCoder"},{"start_time": 1726394400.0, "contest_url": "https://atcoder.jp/contests/ahc037", "name": "11th Asprova Programming Contest（AtCoder Heuristic Contest 037）", "durationSeconds": 14400, "end_time": 1726408800.0, "platform": "AtCoder"},{"start_time": 1726315200.0, "contest_url": "https://atcoder.jp/contests/abc371", "name": "AtCoder Beginner Contest 371", "durationSeconds": 6000, "end_time": 1726321200.0, "platform": "AtCoder"},{"start_time": 1725710400.0, "contest_url": "https://atcoder.jp/contests/abc370", "name": "Toyota Programming Contest 2024#9（AtCoder Beginner Contest 370）", "durationSeconds": 6000, "end_time": 1725716400.0, "platform": "AtCoder"},{"start_time": 1725105600.0, "contest_url": "https://atcoder.jp/contests/abc369", "name": "AtCoder Beginner Contest 369", "durationSeconds": 6000, "end_time": 1725111600.0, "platform": "AtCoder"},{"start_time": 1724587200.0, "contest_url": "https://atcoder.jp/contests/arc183", "name": "Marubeni Programming Contest 2024 (AtCoder Regular Contest 183)", "durationSeconds": 7200, "end_time": 1724594400.0, "platform": "AtCoder"},{"start_time": 1724500800.0, "contest_url": "https://atcoder.jp/contests/abc368", "name": "Hitachi Vantara Programming Contest 2024（AtCoder Beginner Contest 368）", "durationSeconds": 6000, "end_time": 1724506800.0, "platform": "AtCoder"},{"start_time": 1724407200.0, "contest_url": "https://atcoder.jp/contests/ahc036", "name": "RECRUIT Nihonbashi Half Marathon 2024 Summer（AtCoder Heuristic Contest 036）", "durationSeconds": 864000, "end_time": 1725271200.0, "platform": "AtCoder"},{"start_time": 1723982400.0, "contest_url": "https://atcoder.jp/contests/agc067", "name": "AtCoder Grand Contest 067", "durationSeconds": 10800, "end_time": 1723993200.0, "platform": "AtCoder"},{"start_time": 1723896000.0, "contest_url": "https://atcoder.jp/contests/abc367", "name": "AtCoder Beginner Contest 367", "durationSeconds": 6000, "end_time": 1723902000.0, "platform": "AtCoder"},{"start_time": 1723377600.0, "contest_url": "https://atcoder.jp/contests/arc182", "name": "AtCoder Regular Contest 182", "durationSeconds": 7200, "end_time": 1723384800.0, "platform": "AtCoder"},{"start_time": 1723291200.0, "contest_url": "https://atcoder.jp/contests/abc366", "name": "AtCoder Beginner Contest 366", "durationSeconds": 6000, "end_time": 1723297200.0, "platform": "AtCoder"},{"start_time": 1722772800.0, "contest_url": "https://atcoder.jp/contests/arc181", "name": "AtCoder Regular Contest 181", "durationSeconds": 7200, "end_time": 1722780000.0, "platform": "AtCoder"},{"start_time": 1722686400.0, "contest_url": "https://atcoder.jp/contests/abc365", "name": "Toyota Programming Contest 2024#8（AtCoder Beginner Contest 365）", "durationSeconds": 6000, "end_time": 1722692400.0, "platform": "AtCoder"},{"start_time": 1722081600.0, "contest_url": "https://atcoder.jp/contests/abc364", "name": "Japan Registry Services (JPRS) Programming Contest 2024#2 (AtCoder Beginner Contest 364)", "durationSeconds": 6000, "end_time": 1722087600.0, "platform": "AtCoder"},{"start_time": 1721541600.0, "contest_url": "https://atcoder.jp/contests/ahc035", "name": "ALGO ARTIS Programming Contest 2024 Summer（AtCoder Heuristic Contest 035）", "durationSeconds": 14400, "end_time": 1721556000.0, "platform": "AtCoder"},{"start_time": 1721476800.0, "contest_url": "https://atcoder.jp/contests/abc363", "name": "AtCoder Beginner Contest 363", "durationSeconds": 6000, "end_time": 1721482800.0, "platform": "AtCoder"},{"start_time": 1720872000.0, "contest_url": "https://atcoder.jp/contests/abc362", "name": "Toyota Programming Contest 2024#7（AtCoder Beginner Contest 362）", "durationSeconds": 6000, "end_time": 1720878000.0, "platform": "AtCoder"},{"start_time": 1720759500.0, "contest_url": "https://atcoder.jp/contests/awtf2024-open", "name": "World Tour Finals 2024（Open Contest）", "durationSeconds": 18000, "end_time": 1720777500.0, "platform": "AtCoder"},{"start_time": 1720759500.0, "contest_url": "https://atcoder.jp/contests/awtf2024", "name": "World Tour Finals 2024", "durationSeconds": 18000, "end_time": 1720777500.0, "platform": "AtCoder"},{"start_time": 1720267200.0, "contest_url": "https://atcoder.jp/contests/abc361", "name": "Denso Create Programming Contest 2024（AtCoder Beginner Contest 361）", "durationSeconds": 6000, "end_time": 1720273200.0, "platform": "AtCoder"},{"start_time": 1719748800.0, "contest_url": "https://atcoder.jp/contests/abc360", "name": "AtCoder Beginner Contest 360", "durationSeconds": 6000, "end_time": 1719754800.0, "platform": "AtCoder"},{"start_time": 1719662400.0, "contest_url": "https://atcoder.jp/contests/arc180", "name": "AtCoder Regular Contest 180", "durationSeconds": 7200, "end_time": 1719669600.0, "platform": "AtCoder"},{"start_time": 1719057600.0, "contest_url": "https://atcoder.jp/contests/abc359", "name": "UNIQUE VISION Programming Contest 2024 Summer (AtCoder Beginner Contest 359)", "durationSeconds": 6000, "end_time": 1719063600.0, "platform": "AtCoder"},{"start_time": 1718517600.0, "contest_url": "https://atcoder.jp/contests/ahc034", "name": "Toyota Programming Contest 2024#6（AtCoder Heuristic Contest 034）", "durationSeconds": 14400, "end_time": 1718532000.0, "platform": "AtCoder"},{"start_time": 1718452800.0, "contest_url": "https://atcoder.jp/contests/abc358", "name": "AtCoder Beginner Contest 358", "durationSeconds": 6000, "end_time": 1718458800.0, "platform": "AtCoder"},{"start_time": 1717848000.0, "contest_url": "https://atcoder.jp/contests/abc357", "name": "SuntoryProgrammingContest2024（AtCoder Beginner Contest 357）", "durationSeconds": 6000, "end_time": 1717854000.0, "platform": "AtCoder"},{"start_time": 1717329600.0, "contest_url": "https://atcoder.jp/contests/arc179", "name": "AtCoder Regular Contest 179", "durationSeconds": 7200, "end_time": 1717336800.0, "platform": "AtCoder"},{"start_time": 1717243200.0, "contest_url": "https://atcoder.jp/contests/abc356", "name": "AtCoder Beginner Contest 356", "durationSeconds": 6000, "end_time": 1717249200.0, "platform": "AtCoder"},{"start_time": 1716638400.0, "contest_url": "https://atcoder.jp/contests/abc355", "name": "Tokio Marine & Nichido Fire Insurance Programming Contest 2024 (AtCoder Beginner Contest 355)", "durationSeconds": 6000, "end_time": 1716644400.0, "platform": "AtCoder"},{"start_time": 1716120000.0, "contest_url": "https://atcoder.jp/contests/arc178", "name": "AtCoder Regular Contest 178", "durationSeconds": 7200, "end_time": 1716127200.0, "platform": "AtCoder"},{"start_time": 1716033600.0, "contest_url": "https://atcoder.jp/contests/abc354", "name": "Panasonic Programming Contest 2024（AtCoder Beginner Contest 354）", "durationSeconds": 6000, "end_time": 1716039600.0, "platform": "AtCoder"},{"start_time": 1715940000.0, "contest_url": "https://atcoder.jp/contests/ahc033", "name": "Toyota Programming Contest 2024#5（AtCoder Heuristic Contest 033）", "durationSeconds": 864000, "end_time": 1716804000.0, "platform": "AtCoder"},{"start_time": 1715515200.0, "contest_url": "https://atcoder.jp/contests/arc177", "name": "AtCoder Regular Contest 177", "durationSeconds": 7200, "end_time": 1715522400.0, "platform": "AtCoder"},{"start_time": 1715428800.0, "contest_url": "https://atcoder.jp/contests/abc353", "name": "AtCoder Beginner Contest 353", "durationSeconds": 6000, "end_time": 1715434800.0, "platform": "AtCoder"},{"start_time": 1714824000.0, "contest_url": "https://atcoder.jp/contests/abc352", "name": "AtCoder Beginner Contest 352", "durationSeconds": 6000, "end_time": 1714830000.0, "platform": "AtCoder"},{"start_time": 1714219200.0, "contest_url": "https://atcoder.jp/contests/abc351", "name": "AtCoder Beginner Contest 351", "durationSeconds": 6000, "end_time": 1714225200.0, "platform": "AtCoder"},{"start_time": 1713700800.0, "contest_url": "https://atcoder.jp/contests/arc176", "name": "AtCoder Regular Contest 176", "durationSeconds": 7200, "end_time": 1713708000.0, "platform": "AtCoder"},{"start_time": 1713614400.0, "contest_url": "https://atcoder.jp/contests/abc350", "name": "AtCoder Beginner Contest 350", "durationSeconds": 6000, "end_time": 1713620400.0, "platform": "AtCoder"},{"start_time": 1713009600.0, "contest_url": "https://atcoder.jp/contests/abc349", "name": "AtCoder Beginner Contest 349", "durationSeconds": 6000, "end_time": 1713015600.0, "platform": "AtCoder"},{"start_time": 1712484000.0, "contest_url": "https://atcoder.jp/contests/ahc032", "name": "AtCoder Heuristic Contest 032", "durationSeconds": 14400, "end_time": 1712498400.0, "platform": "AtCoder"},{"start_time": 1712404800.0, "contest_url": "https://atcoder.jp/contests/abc348", "name": "Toyota Programming Contest 2024#4（AtCoder Beginner Contest 348）", "durationSeconds": 6000, "end_time": 1712410800.0, "platform": "AtCoder"},{"start_time": 1711886400.0, "contest_url": "https://atcoder.jp/contests/agc066", "name": "AtCoder Grand Contest 066", "durationSeconds": 10800, "end_time": 1711897200.0, "platform": "AtCoder"},{"start_time": 1711800000.0, "contest_url": "https://atcoder.jp/contests/abc347", "name": "AtCoder Beginner Contest 347", "durationSeconds": 6000, "end_time": 1711806000.0, "platform": "AtCoder"},{"start_time": 1711281600.0, "contest_url": "https://atcoder.jp/contests/arc175", "name": "AtCoder Regular Contest 175", "durationSeconds": 7200, "end_time": 1711288800.0, "platform": "AtCoder"},{"start_time": 1711195200.0, "contest_url": "https://atcoder.jp/contests/abc346", "name": "UNIQUE VISION Programming Contest 2024 Spring(AtCoder Beginner Contest 346)", "durationSeconds": 6000, "end_time": 1711201200.0, "platform": "AtCoder"},{"start_time": 1711101600.0, "contest_url": "https://atcoder.jp/contests/ahc031", "name": "MC Digital Programming Contest 2024（AtCoder Heuristic Contest 031）", "durationSeconds": 864000, "end_time": 1711965600.0, "platform": "AtCoder"},{"start_time": 1710676800.0, "contest_url": "https://atcoder.jp/contests/arc174", "name": "AtCoder Regular Contest 174", "durationSeconds": 7200, "end_time": 1710684000.0, "platform": "AtCoder"},{"start_time": 1710590400.0, "contest_url": "https://atcoder.jp/contests/abc345", "name": "Monoxer Programming Contest 2024（AtCoder Beginner Contest 345）", "durationSeconds": 6000, "end_time": 1710596400.0, "platform": "AtCoder"},{"start_time": 1710072000.0, "contest_url": "https://atcoder.jp/contests/arc173", "name": "AtCoder Regular Contest 173", "durationSeconds": 7200, "end_time": 1710079200.0, "platform": "AtCoder"},{"start_time": 1709985600.0, "contest_url": "https://atcoder.jp/contests/abc344", "name": "\tToyota Programming Contest 2024#3（AtCoder Beginner Contest 344）", "durationSeconds": 6000, "end_time": 1709991600.0, "platform": "AtCoder"},{"start_time": 1709438400.0, "contest_url": "https://atcoder.jp/contests/masters-qual", "name": "The 1st Masters Championship-qual-", "durationSeconds": 21600, "end_time": 1709460000.0, "platform": "AtCoder"},{"start_time": 1709380800.0, "contest_url": "https://atcoder.jp/contests/abc343", "name": "AtCoder Beginner Contest 343", "durationSeconds": 6000, "end_time": 1709386800.0, "platform": "AtCoder"},{"start_time": 1708776000.0, "contest_url": "https://atcoder.jp/contests/abc342", "name": "HUAWEI Programming Contest 2024（AtCoder Beginner Contest 342）", "durationSeconds": 6000, "end_time": 1708782000.0, "platform": "AtCoder"},{"start_time": 1708257600.0, "contest_url": "https://atcoder.jp/contests/arc172", "name": "AtCoder Regular Contest 172", "durationSeconds": 7200, "end_time": 1708264800.0, "platform": "AtCoder"},{"start_time": 1708171200.0, "contest_url": "https://atcoder.jp/contests/abc341", "name": "Toyota Programming Contest 2024#2（AtCoder Beginner Contest 341）", "durationSeconds": 6000, "end_time": 1708177200.0, "platform": "AtCoder"},{"start_time": 1707566400.0, "contest_url": "https://atcoder.jp/contests/abc340", "name": "KAJIMA CORPORATION CONTEST 2024（AtCoder Beginner Contest 340）", "durationSeconds": 6000, "end_time": 1707572400.0, "platform": "AtCoder"},{"start_time": 1707472800.0, "contest_url": "https://atcoder.jp/contests/ahc030", "name": "THIRD PROGRAMMING CONTEST 2023（AtCoder Heuristic Contest 030）", "durationSeconds": 864000, "end_time": 1708336800.0, "platform": "AtCoder"},{"start_time": 1707048000.0, "contest_url": "https://atcoder.jp/contests/arc171", "name": "AtCoder Regular Contest 171", "durationSeconds": 7200, "end_time": 1707055200.0, "platform": "AtCoder"},{"start_time": 1706961600.0, "contest_url": "https://atcoder.jp/contests/abc339", "name": "Japan Registry Services (JPRS) Programming Contest 2024 (AtCoder Beginner Contest 339)", "durationSeconds": 6000, "end_time": 1706967600.0, "platform": "AtCoder"},{"start_time": 1706356800.0, "contest_url": "https://atcoder.jp/contests/abc338", "name": "AtCoder Beginner Contest 338", "durationSeconds": 6000, "end_time": 1706362800.0, "platform": "AtCoder"},{"start_time": 1705838400.0, "contest_url": "https://atcoder.jp/contests/arc170", "name": "AtCoder Regular Contest 170", "durationSeconds": 7200, "end_time": 1705845600.0, "platform": "AtCoder"},{"start_time": 1705752000.0, "contest_url": "https://atcoder.jp/contests/abc337", "name": "Toyota Programming Contest 2024#1（AtCoder Beginner Contest 337）", "durationSeconds": 6000, "end_time": 1705758000.0, "platform": "AtCoder"},{"start_time": 1705233600.0, "contest_url": "https://atcoder.jp/contests/abc336", "name": "AtCoder Beginner Contest 336", "durationSeconds": 6000, "end_time": 1705239600.0, "platform": "AtCoder"},{"start_time": 1705125600.0, "contest_url": "https://atcoder.jp/contests/ahc028", "name": "ALGO ARTIS Programming Contest 2023 Winter（AtCoder Heuristic Contest 028）", "durationSeconds": 14400, "end_time": 1705140000.0, "platform": "AtCoder"},{"start_time": 1704542400.0, "contest_url": "https://atcoder.jp/contests/abc335", "name": "AtCoder Beginner Contest 335 (Sponsored by Mynavi)", "durationSeconds": 6000, "end_time": 1704548400.0, "platform": "AtCoder"},{"start_time": 1703332800.0, "contest_url": "https://atcoder.jp/contests/abc334", "name": "UNIQUE VISION Programming Contest 2023 Christmas (AtCoder Beginner Contest 334)", "durationSeconds": 6000, "end_time": 1703338800.0, "platform": "AtCoder"},{"start_time": 1703214000.0, "contest_url": "https://atcoder.jp/contests/ahc029", "name": "RECRUIT Nihonbashi Half Marathon 2024 Winter（AtCoder Heuristic Contest 029）", "durationSeconds": 378000, "end_time": 1703592000.0, "platform": "AtCoder"},{"start_time": 1702814400.0, "contest_url": "https://atcoder.jp/contests/agc065", "name": "AtCoder Grand Contest 065", "durationSeconds": 10800, "end_time": 1702825200.0, "platform": "AtCoder"},{"start_time": 1702728000.0, "contest_url": "https://atcoder.jp/contests/abc333", "name": "Toyota Programming Contest 2023#8（AtCoder Beginner Contest 333）", "durationSeconds": 6000, "end_time": 1702734000.0, "platform": "AtCoder"},{"start_time": 1702209600.0, "contest_url": "https://atcoder.jp/contests/abc332", "name": "AtCoder Beginner Contest 332", "durationSeconds": 6000, "end_time": 1702215600.0, "platform": "AtCoder"},{"start_time": 1702123200.0, "contest_url": "https://atcoder.jp/contests/arc169", "name": "estie Programming Contest 2023 (AtCoder Regular Contest 169)", "durationSeconds": 7200, "end_time": 1702130400.0, "platform": "AtCoder"},{"start_time": 1701518400.0, "contest_url": "https://atcoder.jp/contests/abc331", "name": "Daiwa Securities Co. Ltd. Programming Contest 2023（AtCoder Beginner Contest 331）", "durationSeconds": 6000, "end_time": 1701524400.0, "platform": "AtCoder"},{"start_time": 1701489600.0, "contest_url": "https://atcoder.jp/contests/DEGwer2023", "name": "DEGwer's Doctoral Dissertation Cheering Contest", "durationSeconds": 18000, "end_time": 1701507600.0, "platform": "AtCoder"},{"start_time": 1701424800.0, "contest_url": "https://atcoder.jp/contests/ahc027", "name": "HACK TO THE FUTURE 2024 (AtCoder Heuristic Contest 027)", "durationSeconds": 777600, "end_time": 1702202400.0, "platform": "AtCoder"},{"start_time": 1700913600.0, "contest_url": "https://atcoder.jp/contests/abc330", "name": "TOYOTA SYSTEMS Programming Contest 2023(AtCoder Beginner Contest 330)", "durationSeconds": 6000, "end_time": 1700919600.0, "platform": "AtCoder"},{"start_time": 1700395200.0, "contest_url": "https://atcoder.jp/contests/arc168", "name": "ALGO ARTIS Programming Contest 2023 Autumn（AtCoder Regular Contest 168）", "durationSeconds": 7200, "end_time": 1700402400.0, "platform": "AtCoder"},{"start_time": 1700308800.0, "contest_url": "https://atcoder.jp/contests/abc329", "name": "Ｓｋｙ Inc, Programming Contest 2023（AtCoder Beginner Contest 329）", "durationSeconds": 6000, "end_time": 1700314800.0, "platform": "AtCoder"},{"start_time": 1699704000.0, "contest_url": "https://atcoder.jp/contests/abc328", "name": "Toyota Programming Contest 2023#7（AtCoder Beginner Contest 328）", "durationSeconds": 6000, "end_time": 1699710000.0, "platform": "AtCoder"},{"start_time": 1699164000.0, "contest_url": "https://atcoder.jp/contests/ahc026", "name": "Toyota Programming Contest 2023#6（AtCoder Heuristic Contest 026）", "durationSeconds": 14400, "end_time": 1699178400.0, "platform": "AtCoder"},{"start_time": 1699099200.0, "contest_url": "https://atcoder.jp/contests/abc327", "name": "HHKB Programming Contest 2023(AtCoder Beginner Contest 327)", "durationSeconds": 6000, "end_time": 1699105200.0, "platform": "AtCoder"},{"start_time": 1698494400.0, "contest_url": "https://atcoder.jp/contests/abc326", "name": "Panasonic Programming Contest 2023（AtCoder Beginner Contest 326）", "durationSeconds": 6000, "end_time": 1698500400.0, "platform": "AtCoder"},{"start_time": 1697889600.0, "contest_url": "https://atcoder.jp/contests/abc325", "name": "KEYENCE Programming Contest 2023 Autumn（AtCoder Beginner Contest 325）", "durationSeconds": 6000, "end_time": 1697895600.0, "platform": "AtCoder"},{"start_time": 1697371200.0, "contest_url": "https://atcoder.jp/contests/arc167", "name": "AtCoder Regular Contest 167", "durationSeconds": 7200, "end_time": 1697378400.0, "platform": "AtCoder"},{"start_time": 1697284800.0, "contest_url": "https://atcoder.jp/contests/abc324", "name": "Japan Registry Services (JPRS) Programming Contest 2023 (AtCoder Beginner Contest 324)", "durationSeconds": 6000, "end_time": 1697290800.0, "platform": "AtCoder"},{"start_time": 1697252400.0, "contest_url": "https://atcoder.jp/contests/ahc025", "name": "AtCoder Heuristic Contest 025", "durationSeconds": 716400, "end_time": 1697968800.0, "platform": "AtCoder"},{"start_time": 1696766400.0, "contest_url": "https://atcoder.jp/contests/arc166", "name": "AtCoder Regular Contest 166", "durationSeconds": 7200, "end_time": 1696773600.0, "platform": "AtCoder"},{"start_time": 1696680000.0, "contest_url": "https://atcoder.jp/contests/abc323", "name": "UNIQUE VISION Programming Contest 2023 Autumn(AtCoder Beginner Contest 323)", "durationSeconds": 6000, "end_time": 1696686000.0, "platform": "AtCoder"},{"start_time": 1696075200.0, "contest_url": "https://atcoder.jp/contests/abc322", "name": "AtCoder Beginner Contest 322", "durationSeconds": 6000, "end_time": 1696081200.0, "platform": "AtCoder"},{"start_time": 1695535200.0, "contest_url": "https://atcoder.jp/contests/ahc024", "name": " Marubeni Programming Contest 2023 (AtCoder Heuristic Contest 024)", "durationSeconds": 14400, "end_time": 1695549600.0, "platform": "AtCoder"},{"start_time": 1695470400.0, "contest_url": "https://atcoder.jp/contests/abc321", "name": "SuntoryProgrammingContest2023（AtCoder Beginner Contest 321）", "durationSeconds": 6000, "end_time": 1695476400.0, "platform": "AtCoder"},{"start_time": 1694952000.0, "contest_url": "https://atcoder.jp/contests/arc165", "name": "AtCoder Regular Contest 165", "durationSeconds": 7200, "end_time": 1694959200.0, "platform": "AtCoder"},{"start_time": 1694865600.0, "contest_url": "https://atcoder.jp/contests/abc320", "name": "Toyota Programming Contest 2023#5（AtCoder Beginner Contest 320）", "durationSeconds": 6000, "end_time": 1694871600.0, "platform": "AtCoder"},{"start_time": 1694260800.0, "contest_url": "https://atcoder.jp/contests/abc319", "name": "AtCoder Beginner Contest 319", "durationSeconds": 6000, "end_time": 1694266800.0, "platform": "AtCoder"},{"start_time": 1694232000.0, "contest_url": "https://atcoder.jp/contests/wtf22-day2-open", "name": "World Tour Finals 2022 Day2（Open Contest）", "durationSeconds": 18000, "end_time": 1694250000.0, "platform": "AtCoder"},{"start_time": 1694232000.0, "contest_url": "https://atcoder.jp/contests/wtf22-day2", "name": "World Tour Finals 2022 Day2", "durationSeconds": 18000, "end_time": 1694250000.0, "platform": "AtCoder"},{"start_time": 1694145600.0, "contest_url": "https://atcoder.jp/contests/wtf22-day1-open", "name": "World Tour Finals 2022 Day1（Open Contest）", "durationSeconds": 18000, "end_time": 1694163600.0, "platform": "AtCoder"},{"start_time": 1694145600.0, "contest_url": "https://atcoder.jp/contests/wtf22-day1", "name": "World Tour Finals 2022 Day1", "durationSeconds": 18000, "end_time": 1694163600.0, "platform": "AtCoder"},{"start_time": 1693702800.0, "contest_url": "https://atcoder.jp/contests/ahc023", "name": "10th Asprova Programming Contest（AtCoder Heuristic Contest 023）", "durationSeconds": 640800, "end_time": 1694343600.0, "platform": "AtCoder"},{"start_time": 1693656000.0, "contest_url": "https://atcoder.jp/contests/abc318", "name": "THIRD PROGRAMMING CONTEST 2023 ALGO（AtCoder Beginner Contest 318）", "durationSeconds": 6000, "end_time": 1693662000.0, "platform": "AtCoder"},{"start_time": 1693098900.0, "contest_url": "https://atcoder.jp/contests/toyota2023summer-final-open", "name": "TOYOTA Programming Contest 2023 Summer final（Open Contest）", "durationSeconds": 12600, "end_time": 1693111500.0, "platform": "AtCoder"},{"start_time": 1693098900.0, "contest_url": "https://atcoder.jp/contests/toyota2023summer-final", "name": "TOYOTA Programming Contest 2023 Summer final", "durationSeconds": 12600, "end_time": 1693111500.0, "platform": "AtCoder"},{"start_time": 1693051200.0, "contest_url": "https://atcoder.jp/contests/abc317", "name": "GAMEFREAK Programming Contest 2023 (AtCoder Beginner Contest 317)", "durationSeconds": 6000, "end_time": 1693057200.0, "platform": "AtCoder"},{"start_time": 1692446400.0, "contest_url": "https://atcoder.jp/contests/abc315", "name": "KEYENCE Programming Contest 2023 Summer（AtCoder Beginner Contest 315）", "durationSeconds": 6000, "end_time": 1692452400.0, "platform": "AtCoder"},{"start_time": 1691928000.0, "contest_url": "https://atcoder.jp/contests/agc064", "name": "AtCoder Grand Contest 064", "durationSeconds": 10800, "end_time": 1691938800.0, "platform": "AtCoder"},{"start_time": 1691841600.0, "contest_url": "https://atcoder.jp/contests/abc314", "name": "AtCoder Beginner Contest 314", "durationSeconds": 6000, "end_time": 1691847600.0, "platform": "AtCoder"},{"start_time": 1691722800.0, "contest_url": "https://atcoder.jp/contests/ahc022", "name": "RECRUIT Nihonbashi Half Marathon 2023 Summer（AtCoder Heuristic Contest 022）", "durationSeconds": 802800, "end_time": 1692525600.0, "platform": "AtCoder"},{"start_time": 1691236800.0, "contest_url": "https://atcoder.jp/contests/abc313", "name": "AtCoder Beginner Contest 313", "durationSeconds": 6000, "end_time": 1691242800.0, "platform": "AtCoder"},{"start_time": 1690718400.0, "contest_url": "https://atcoder.jp/contests/agc063", "name": "AtCoder Grand Contest 063", "durationSeconds": 10800, "end_time": 1690729200.0, "platform": "AtCoder"},{"start_time": 1690632000.0, "contest_url": "https://atcoder.jp/contests/abc312", "name": "UNIQUE VISION Programming Contest 2023 Summer(AtCoder Beginner Contest 312)", "durationSeconds": 6000, "end_time": 1690638000.0, "platform": "AtCoder"},{"start_time": 1690027200.0, "contest_url": "https://atcoder.jp/contests/abc311", "name": "Toyota Programming Contest 2023#4（AtCoder Beginner Contest 311）", "durationSeconds": 6000, "end_time": 1690033200.0, "platform": "AtCoder"},{"start_time": 1689422400.0, "contest_url": "https://atcoder.jp/contests/abc310", "name": "freee Programming Contest 2023（AtCoder Beginner Contest 310）", "durationSeconds": 6000, "end_time": 1689428400.0, "platform": "AtCoder"},{"start_time": 1688904000.0, "contest_url": "https://atcoder.jp/contests/arc164", "name": "AtCoder Regular Contest 164", "durationSeconds": 7200, "end_time": 1688911200.0, "platform": "AtCoder"},{"start_time": 1688817600.0, "contest_url": "https://atcoder.jp/contests/abc309", "name": "Denso Create Programming Contest 2023 (AtCoder Beginner Contest 309)", "durationSeconds": 6000, "end_time": 1688823600.0, "platform": "AtCoder"},{"start_time": 1688299200.0, "contest_url": "https://atcoder.jp/contests/arc163", "name": "AtCoder Regular Contest 163", "durationSeconds": 7200, "end_time": 1688306400.0, "platform": "AtCoder"},{"start_time": 1688212800.0, "contest_url": "https://atcoder.jp/contests/abc308", "name": "AtCoder Beginner Contest 308", "durationSeconds": 6000, "end_time": 1688218800.0, "platform": "AtCoder"},{"start_time": 1687672800.0, "contest_url": "https://atcoder.jp/contests/ahc021", "name": "TOYOTA Programming Contest 2023 Summer（AtCoder Heuristic Contest 021）", "durationSeconds": 14400, "end_time": 1687687200.0, "platform": "AtCoder"},{"start_time": 1687608000.0, "contest_url": "https://atcoder.jp/contests/abc307", "name": "Tokio Marine & Nichido Fire Insurance Programming Contest 2023（AtCoder Beginner Contest 307)", "durationSeconds": 6000, "end_time": 1687614000.0, "platform": "AtCoder"},{"start_time": 1687089600.0, "contest_url": "https://atcoder.jp/contests/arc162", "name": "AtCoder Regular Contest 162", "durationSeconds": 7200, "end_time": 1687096800.0, "platform": "AtCoder"},{"start_time": 1687003200.0, "contest_url": "https://atcoder.jp/contests/abc306", "name": "Toyota Programming Contest 2023#3（AtCoder Beginner Contest 306）", "durationSeconds": 6000, "end_time": 1687009200.0, "platform": "AtCoder"},{"start_time": 1686463200.0, "contest_url": "https://atcoder.jp/contests/ahc020", "name": "ALGO ARTIS Programming Contest 2023（AtCoder Heuristic Contest 020）", "durationSeconds": 14400, "end_time": 1686477600.0, "platform": "AtCoder"},{"start_time": 1686398400.0, "contest_url": "https://atcoder.jp/contests/abc305", "name": "KYOCERA Programming Contest 2023（AtCoder Beginner Contest 305）", "durationSeconds": 6000, "end_time": 1686404400.0, "platform": "AtCoder"},{"start_time": 1685793600.0, "contest_url": "https://atcoder.jp/contests/abc304", "name": "Tokio Marine & Nichido Fire Insurance Programming Contest 2023（AtCoder Beginner Contest 304)", "durationSeconds": 7200, "end_time": 1685800800.0, "platform": "AtCoder"},{"start_time": 1685275200.0, "contest_url": "https://atcoder.jp/contests/arc161", "name": "AtCoder Regular Contest 161", "durationSeconds": 7200, "end_time": 1685282400.0, "platform": "AtCoder"},{"start_time": 1685188800.0, "contest_url": "https://atcoder.jp/contests/abc303", "name": "NS Solutions Corporation Programming Contest 2023（AtCoder Beginner Contest 303）", "durationSeconds": 6000, "end_time": 1685194800.0, "platform": "AtCoder"},{"start_time": 1684670400.0, "contest_url": "https://atcoder.jp/contests/agc062", "name": "AtCoder Grand Contest 062", "durationSeconds": 10800, "end_time": 1684681200.0, "platform": "AtCoder"},{"start_time": 1684584000.0, "contest_url": "https://atcoder.jp/contests/abc302", "name": "TOYOTA MOTOR CORPORATION Programming Contest 2023#2 (AtCoder Beginner Contest 302)", "durationSeconds": 6000, "end_time": 1684590000.0, "platform": "AtCoder"},{"start_time": 1684065600.0, "contest_url": "https://atcoder.jp/contests/arc160", "name": "AtCoder Regular Contest 160", "durationSeconds": 7200, "end_time": 1684072800.0, "platform": "AtCoder"},{"start_time": 1683979200.0, "contest_url": "https://atcoder.jp/contests/abc301", "name": "Panasonic Programming Contest 2023（AtCoder Beginner Contest 301）", "durationSeconds": 6300, "end_time": 1683985500.0, "platform": "AtCoder"},{"start_time": 1682769600.0, "contest_url": "https://atcoder.jp/contests/abc300", "name": "UNIQUE VISION Programming Contest 2023 Spring(AtCoder Beginner Contest 300)", "durationSeconds": 6000, "end_time": 1682775600.0, "platform": "AtCoder"},{"start_time": 1682164800.0, "contest_url": "https://atcoder.jp/contests/abc299", "name": "Tokio Marine & Nichido Fire Insurance Programming Contest 2023（AtCoder Beginner Contest 299)", "durationSeconds": 6000, "end_time": 1682170800.0, "platform": "AtCoder"},{"start_time": 1681560000.0, "contest_url": "https://atcoder.jp/contests/abc298", "name": "TOYOTA MOTOR CORPORATION Programming Contest 2023#1 (AtCoder Beginner Contest 298)", "durationSeconds": 6000, "end_time": 1681566000.0, "platform": "AtCoder"},{"start_time": 1681041600.0, "contest_url": "https://atcoder.jp/contests/abc297", "name": "AtCoder Beginner Contest 297", "durationSeconds": 6000, "end_time": 1681047600.0, "platform": "AtCoder"},{"start_time": 1680955200.0, "contest_url": "https://atcoder.jp/contests/arc159", "name": "AtCoder Regular Contest 159", "durationSeconds": 7200, "end_time": 1680962400.0, "platform": "AtCoder"},{"start_time": 1680350400.0, "contest_url": "https://atcoder.jp/contests/abc296", "name": "AtCoder Beginner Contest 296", "durationSeconds": 6000, "end_time": 1680356400.0, "platform": "AtCoder"},{"start_time": 1679745600.0, "contest_url": "https://atcoder.jp/contests/abc295", "name": "AtCoder Beginner Contest 295", "durationSeconds": 6000, "end_time": 1679751600.0, "platform": "AtCoder"},{"start_time": 1679227200.0, "contest_url": "https://atcoder.jp/contests/abc294", "name": "AtCoder Beginner Contest 294", "durationSeconds": 6000, "end_time": 1679233200.0, "platform": "AtCoder"},{"start_time": 1679108400.0, "contest_url": "https://atcoder.jp/contests/ahc019", "name": "MC Digital Programming Contest 2023（AtCoder Heuristic Contest 019）", "durationSeconds": 1321200, "end_time": 1680429600.0, "platform": "AtCoder"},{"start_time": 1679101800.0, "contest_url": "https://atcoder.jp/contests/toyota2023spring-final", "name": "Toyota Programming Contest 2023 Spring Final", "durationSeconds": 10800, "end_time": 1679112600.0, "platform": "AtCoder"},{"start_time": 1678622400.0, "contest_url": "https://atcoder.jp/contests/arc158", "name": "AtCoder Regular Contest 158", "durationSeconds": 7200, "end_time": 1678629600.0, "platform": "AtCoder"},{"start_time": 1678536000.0, "contest_url": "https://atcoder.jp/contests/abc293", "name": "AtCoder Beginner Contest 293", "durationSeconds": 6000, "end_time": 1678542000.0, "platform": "AtCoder"},{"start_time": 1677931200.0, "contest_url": "https://atcoder.jp/contests/abc292", "name": "AtCoder Beginner Contest 292", "durationSeconds": 6000, "end_time": 1677937200.0, "platform": "AtCoder"},{"start_time": 1677412800.0, "contest_url": "https://atcoder.jp/contests/abc291", "name": "AtCoder Beginner Contest 291（Sponsored by TOYOTA SYSTEMS）", "durationSeconds": 6000, "end_time": 1677418800.0, "platform": "AtCoder"},{"start_time": 1677326400.0, "contest_url": "https://atcoder.jp/contests/arc157", "name": "AtCoder Regular Contest 157", "durationSeconds": 7200, "end_time": 1677333600.0, "platform": "AtCoder"},{"start_time": 1676808000.0, "contest_url": "https://atcoder.jp/contests/abc290", "name": "Toyota Programming Contest 2023 Spring Qual B（AtCoder Beginner Contest 290）", "durationSeconds": 6000, "end_time": 1676814000.0, "platform": "AtCoder"},{"start_time": 1676721600.0, "contest_url": "https://atcoder.jp/contests/arc156", "name": "AtCoder Regular Contest 156", "durationSeconds": 7200, "end_time": 1676728800.0, "platform": "AtCoder"},{"start_time": 1676689200.0, "contest_url": "https://atcoder.jp/contests/ahc018", "name": "RECRUIT Nihonbashi Half Marathon 2023 Winter（AtCoder Heuristic Contest 018）", "durationSeconds": 716400, "end_time": 1677405600.0, "platform": "AtCoder"},{"start_time": 1676203200.0, "contest_url": "https://atcoder.jp/contests/agc061", "name": "AtCoder Grand Contest 061", "durationSeconds": 10800, "end_time": 1676214000.0, "platform": "AtCoder"},{"start_time": 1676116800.0, "contest_url": "https://atcoder.jp/contests/abc289", "name": "Ｓｋｙ Inc, Programming Contest 2023（AtCoder Beginner Contest 289）", "durationSeconds": 6000, "end_time": 1676122800.0, "platform": "AtCoder"},{"start_time": 1675512000.0, "contest_url": "https://atcoder.jp/contests/abc288", "name": "Toyota Programming Contest 2023 Spring Qual A（AtCoder Beginner Contest 288）", "durationSeconds": 6000, "end_time": 1675518000.0, "platform": "AtCoder"},{"start_time": 1674993600.0, "contest_url": "https://atcoder.jp/contests/arc155", "name": "AtCoder Regular Contest 155", "durationSeconds": 7200, "end_time": 1675000800.0, "platform": "AtCoder"},{"start_time": 1674907200.0, "contest_url": "https://atcoder.jp/contests/abc287", "name": "UNIQUE VISION Programming Contest 2023 New Year (AtCoder Beginner Contest 287)", "durationSeconds": 6000, "end_time": 1674913200.0, "platform": "AtCoder"},{"start_time": 1674874800.0, "contest_url": "https://atcoder.jp/contests/ahc017", "name": "THIRD PROGRAMMING CONTEST 2022（AtCoder Heuristic Contest 017）", "durationSeconds": 720000, "end_time": 1675594800.0, "platform": "AtCoder"},{"start_time": 1674388800.0, "contest_url": "https://atcoder.jp/contests/arc154", "name": "AtCoder Regular Contest 154", "durationSeconds": 7200, "end_time": 1674396000.0, "platform": "AtCoder"},{"start_time": 1674302400.0, "contest_url": "https://atcoder.jp/contests/abc286", "name": "UL Systems Programming Contest 2023(AtCoder Beginner Contest 286)", "durationSeconds": 6000, "end_time": 1674308400.0, "platform": "AtCoder"},{"start_time": 1673784000.0, "contest_url": "https://atcoder.jp/contests/abc285", "name": "AtCoder Beginner Contest 285", "durationSeconds": 6000, "end_time": 1673790000.0, "platform": "AtCoder"},{"start_time": 1673697600.0, "contest_url": "https://atcoder.jp/contests/arc153", "name": "AtCoder Regular Contest 153", "durationSeconds": 7200, "end_time": 1673704800.0, "platform": "AtCoder"},{"start_time": 1673092800.0, "contest_url": "https://atcoder.jp/contests/abc284", "name": "AtCoder Beginner Contest 284", "durationSeconds": 6000, "end_time": 1673098800.0, "platform": "AtCoder"},{"start_time": 1671969600.0, "contest_url": "https://atcoder.jp/contests/agc060", "name": "AtCoder Grand Contest 060", "durationSeconds": 10800, "end_time": 1671980400.0, "platform": "AtCoder"},{"start_time": 1671883200.0, "contest_url": "https://atcoder.jp/contests/abc283", "name": "UNIQUE VISION Programming Contest 2022 Winter(AtCoder Beginner Contest 283)", "durationSeconds": 6000, "end_time": 1671889200.0, "platform": "AtCoder"},{"start_time": 1671721200.0, "contest_url": "https://atcoder.jp/contests/hokudai-hitachi2022", "name": "Hitachi Hokudai Lab. & Hokkaido University Contest 2022", "durationSeconds": 2678340, "end_time": 1674399540.0, "platform": "AtCoder"},{"start_time": 1671278400.0, "contest_url": "https://atcoder.jp/contests/abc282", "name": "HHKB Programming Contest 2022 Winter(AtCoder Beginner Contest 282)", "durationSeconds": 6000, "end_time": 1671284400.0, "platform": "AtCoder"},{"start_time": 1670673600.0, "contest_url": "https://atcoder.jp/contests/abc281", "name": "AtCoder Beginner Contest 281", "durationSeconds": 6000, "end_time": 1670679600.0, "platform": "AtCoder"},{"start_time": 1670635800.0, "contest_url": "https://atcoder.jp/contests/future-contest-2023-final-open", "name": "HACK TO THE FUTURE 2023 Final (Open Contest)", "durationSeconds": 28800, "end_time": 1670664600.0, "platform": "AtCoder"},{"start_time": 1670155200.0, "contest_url": "https://atcoder.jp/contests/agc059", "name": "AtCoder Grand Contest 059", "durationSeconds": 10800, "end_time": 1670166000.0, "platform": "AtCoder"},{"start_time": 1670068800.0, "contest_url": "https://atcoder.jp/contests/abc280", "name": "Denso Create Programming Contest 2022 Winter(AtCoder Beginner Contest 280)", "durationSeconds": 6000, "end_time": 1670074800.0, "platform": "AtCoder"},{"start_time": 1669464000.0, "contest_url": "https://atcoder.jp/contests/abc279", "name": "TOYOTA SYSTEMS Programming Contest 2022(AtCoder Beginner Contest 279)", "durationSeconds": 6000, "end_time": 1669470000.0, "platform": "AtCoder"},{"start_time": 1668945600.0, "contest_url": "https://atcoder.jp/contests/arc152", "name": "AtCoder Regular Contest 152", "durationSeconds": 7200, "end_time": 1668952800.0, "platform": "AtCoder"},{"start_time": 1668859200.0, "contest_url": "https://atcoder.jp/contests/abc278", "name": "AtCoder Beginner Contest 278", "durationSeconds": 6000, "end_time": 1668865200.0, "platform": "AtCoder"},{"start_time": 1668254400.0, "contest_url": "https://atcoder.jp/contests/abc277", "name": "Daiwa Securities Co. Ltd. Programming Contest 2022 Autumn (AtCoder Beginner Contest 277)", "durationSeconds": 6000, "end_time": 1668260400.0, "platform": "AtCoder"},{"start_time": 1668160800.0, "contest_url": "https://atcoder.jp/contests/ahc016", "name": "HACK TO THE FUTURE 2023 qual（AtCoder Heuristic Contest 016）", "durationSeconds": 777600, "end_time": 1668938400.0, "platform": "AtCoder"},{"start_time": 1667649600.0, "contest_url": "https://atcoder.jp/contests/abc276", "name": "AtCoder Beginner Contest 276", "durationSeconds": 6000, "end_time": 1667655600.0, "platform": "AtCoder"},{"start_time": 1667109600.0, "contest_url": "https://atcoder.jp/contests/ahc015", "name": "TOYOTA MOTOR CORPORATION Programming Contest 2022（AtCoder Heuristic Contest 015）", "durationSeconds": 14400, "end_time": 1667124000.0, "platform": "AtCoder"},{"start_time": 1667044800.0, "contest_url": "https://atcoder.jp/contests/abc275", "name": "AtCoder Beginner Contest 275", "durationSeconds": 6000, "end_time": 1667050800.0, "platform": "AtCoder"},{"start_time": 1666440000.0, "contest_url": "https://atcoder.jp/contests/abc274", "name": "キーエンスプログラミングコンテスト2022（AtCoder Beginner Contest 274）", "durationSeconds": 6000, "end_time": 1666446000.0, "platform": "AtCoder"},{"start_time": 1665921600.0, "contest_url": "https://atcoder.jp/contests/arc151", "name": "AtCoder Regular Contest 151", "durationSeconds": 7200, "end_time": 1665928800.0, "platform": "AtCoder"},{"start_time": 1665835200.0, "contest_url": "https://atcoder.jp/contests/abc273", "name": "Panasonic Programming Contest 2022(AtCoder Beginner Contest 273)", "durationSeconds": 6000, "end_time": 1665841200.0, "platform": "AtCoder"},{"start_time": 1665316800.0, "contest_url": "https://atcoder.jp/contests/arc150", "name": "AtCoder Regular Contest 150", "durationSeconds": 7200, "end_time": 1665324000.0, "platform": "AtCoder"},{"start_time": 1665230400.0, "contest_url": "https://atcoder.jp/contests/abc272", "name": "AtCoder Beginner Contest 272", "durationSeconds": 6000, "end_time": 1665236400.0, "platform": "AtCoder"},{"start_time": 1664712000.0, "contest_url": "https://atcoder.jp/contests/arc149", "name": "AtCoder Regular Contest 149", "durationSeconds": 7200, "end_time": 1664719200.0, "platform": "AtCoder"},{"start_time": 1664625600.0, "contest_url": "https://atcoder.jp/contests/abc271", "name": "KYOCERA Programming Contest 2022（AtCoder Beginner Contest 271）", "durationSeconds": 6000, "end_time": 1664631600.0, "platform": "AtCoder"},{"start_time": 1664020800.0, "contest_url": "https://atcoder.jp/contests/abc270", "name": "TOYOTA MOTOR CORPORATION Programming Contest 2022(AtCoder Beginner Contest 270)", "durationSeconds": 6000, "end_time": 1664026800.0, "platform": "AtCoder"},{"start_time": 1663416000.0, "contest_url": "https://atcoder.jp/contests/abc269", "name": "UNICORN Programming Contest 2022(AtCoder Beginner Contest 269)", "durationSeconds": 6000, "end_time": 1663422000.0, "platform": "AtCoder"},{"start_time": 1663394400.0, "contest_url": "https://atcoder.jp/contests/ahc014", "name": "estie Programming Contest 2022（AtCoder Heuristic Contest 014）", "durationSeconds": 1224000, "end_time": 1664618400.0, "platform": "AtCoder"},{"start_time": 1662897600.0, "contest_url": "https://atcoder.jp/contests/arc148", "name": "AtCoder Regular Contest 148", "durationSeconds": 7200, "end_time": 1662904800.0, "platform": "AtCoder"},{"start_time": 1662811200.0, "contest_url": "https://atcoder.jp/contests/abc268", "name": "UNIQUE VISION Programming Contest 2022 Summer (AtCoder Beginner Contest 268)", "durationSeconds": 6000, "end_time": 1662817200.0, "platform": "AtCoder"},{"start_time": 1662292800.0, "contest_url": "https://atcoder.jp/contests/arc147", "name": "AtCoder Regular Contest 147", "durationSeconds": 7200, "end_time": 1662300000.0, "platform": "AtCoder"},{"start_time": 1662206400.0, "contest_url": "https://atcoder.jp/contests/abc267", "name": "NEC Programming Contest 2022 (AtCoder Beginner Contest 267)", "durationSeconds": 6000, "end_time": 1662212400.0, "platform": "AtCoder"},{"start_time": 1661648400.0, "contest_url": "https://atcoder.jp/contests/asprocon9", "name": "9th Asprova Programming Contest", "durationSeconds": 640800, "end_time": 1662289200.0, "platform": "AtCoder"},{"start_time": 1661601600.0, "contest_url": "https://atcoder.jp/contests/abc266", "name": "AtCoder Beginner Contest 266", "durationSeconds": 6000, "end_time": 1661607600.0, "platform": "AtCoder"},{"start_time": 1661083200.0, "contest_url": "https://atcoder.jp/contests/abc265", "name": "AtCoder Beginner Contest 265", "durationSeconds": 6000, "end_time": 1661089200.0, "platform": "AtCoder"},{"start_time": 1660996800.0, "contest_url": "https://atcoder.jp/contests/arc146", "name": "AtCoder Regular Contest 146", "durationSeconds": 7200, "end_time": 1661004000.0, "platform": "AtCoder"},{"start_time": 1660479000.0, "contest_url": "https://atcoder.jp/contests/agc058", "name": "AtCoder Grand Contest 058", "durationSeconds": 10800, "end_time": 1660489800.0, "platform": "AtCoder"},{"start_time": 1660392000.0, "contest_url": "https://atcoder.jp/contests/abc264", "name": "freee Programming Contest 2022（AtCoder Beginner Contest 264）", "durationSeconds": 6000, "end_time": 1660398000.0, "platform": "AtCoder"},{"start_time": 1660046400.0, "contest_url": "https://atcoder.jp/contests/ahc013", "name": "RECRUIT Nihonbashi Half Marathon 2022 Summer（AHC013）", "durationSeconds": 604800, "end_time": 1660651200.0, "platform": "AtCoder"},{"start_time": 1659787200.0, "contest_url": "https://atcoder.jp/contests/abc263", "name": "LINE  Verda Programming Contest（AtCoder Beginner Contest 263）", "durationSeconds": 6000, "end_time": 1659793200.0, "platform": "AtCoder"},{"start_time": 1659268800.0, "contest_url": "https://atcoder.jp/contests/abc262", "name": "AtCoder Beginner Contest 262", "durationSeconds": 6000, "end_time": 1659274800.0, "platform": "AtCoder"},{"start_time": 1659182400.0, "contest_url": "https://atcoder.jp/contests/arc145", "name": "AtCoder Regular Contest 145", "durationSeconds": 7200, "end_time": 1659189600.0, "platform": "AtCoder"},{"start_time": 1658577600.0, "contest_url": "https://atcoder.jp/contests/abc261", "name": "AtCoder Beginner Contest 261", "durationSeconds": 6000, "end_time": 1658583600.0, "platform": "AtCoder"},{"start_time": 1658059200.0, "contest_url": "https://atcoder.jp/contests/abc260", "name": "AtCoder Beginner Contest 260", "durationSeconds": 6000, "end_time": 1658065200.0, "platform": "AtCoder"},{"start_time": 1657972800.0, "contest_url": "https://atcoder.jp/contests/arc144", "name": "AtCoder Regular Contest 144", "durationSeconds": 7200, "end_time": 1657980000.0, "platform": "AtCoder"},{"start_time": 1657368000.0, "contest_url": "https://atcoder.jp/contests/abc259", "name": "AtCoder Beginner Contest 259", "durationSeconds": 6000, "end_time": 1657374000.0, "platform": "AtCoder"},{"start_time": 1656828000.0, "contest_url": "https://atcoder.jp/contests/ahc012", "name": "AtCoder Heuristic Contest 012", "durationSeconds": 14400, "end_time": 1656842400.0, "platform": "AtCoder"},{"start_time": 1656763200.0, "contest_url": "https://atcoder.jp/contests/abc258", "name": "AtCoder Beginner Contest 258", "durationSeconds": 6000, "end_time": 1656769200.0, "platform": "AtCoder"},{"start_time": 1656244800.0, "contest_url": "https://atcoder.jp/contests/arc143", "name": "AtCoder Regular Contest 143", "durationSeconds": 7200, "end_time": 1656252000.0, "platform": "AtCoder"},{"start_time": 1656158400.0, "contest_url": "https://atcoder.jp/contests/abc257", "name": "NS Solutions Corporation Programming Contest 2022（AtCoder Beginner Contest 257）", "durationSeconds": 6000, "end_time": 1656164400.0, "platform": "AtCoder"},{"start_time": 1655640000.0, "contest_url": "https://atcoder.jp/contests/arc142", "name": "AtCoder Regular Contest 142", "durationSeconds": 7200, "end_time": 1655647200.0, "platform": "AtCoder"}]