[{"ruleType": 4, "visibilityType": 4, "invitationCodeType": 1, "rated": false, "eloThreshold": null, "host": {"uid": 483824, "name": "MatrixGroup", "avatar": "https://cdn.luogu.com.cn/upload/usericon/483824.png", "slogan": "删繁就简", "badge": "时序绚乱", "isAdmin": false, "isBanned": false, "color": "Red", "ccfLevel": 10, "xcpcLevel": 0, "background": "https://cdn.luogu.com.cn/upload/image_hosting/u54inm5j.png"}, "problemCount": 4, "id": 264992, "name": "MatrixGroup's Unknown Round", "startTime": 1756098000, "endTime": 1756114200, "start_time": 1756098000, "end_time": 1756114200, "platform": "洛谷", "contest_url": "https://www.luogu.com.cn/contest/264992", "durationSeconds": 16200}, {"ruleType": 4, "visibilityType": 2, "invitationCodeType": 1, "rated": true, "eloThreshold": -1, "host": {"id": 58132, "name": "梦熊官方团队", "isPremium": true}, "problemCount": 0, "id": 270370, "name": "【MX-J21】梦熊 J 组 · 企鹅赛 & FAOI-R6（同步赛）", "startTime": 1756015200, "endTime": 1756027800, "start_time": 1756015200, "end_time": 1756027800, "platform": "洛谷", "contest_url": "https://www.luogu.com.cn/contest/270370", "durationSeconds": 12600}, {"ruleType": 4, "visibilityType": 2, "invitationCodeType": 1, "rated": true, "eloThreshold": -1, "host": {"id": 58132, "name": "梦熊官方团队", "isPremium": true}, "problemCount": 0, "id": 270369, "name": "【MX-X18】梦熊 X 组 · 企鹅赛 & FAOI-R6（同步赛）", "startTime": 1756015200, "endTime": 1756027800, "start_time": 1756015200, "end_time": 1756027800, "platform": "洛谷", "contest_url": "https://www.luogu.com.cn/contest/270369", "durationSeconds": 12600}, {"ruleType": 4, "visibilityType": 1, "invitationCodeType": 1, "rated": true, "eloThreshold": 1600, "host": {"id": 1000, "name": "洛谷官方团队", "isPremium": true}, "problemCount": 4, "id": 241168, "name": "【LGR-237-Div.3】洛谷基础赛 #25 & Diligent-OI Round 2", "startTime": 1755928800, "endTime": 1755941400, "start_time": 1755928800, "end_time": 1755941400, "platform": "洛谷", "contest_url": "https://www.luogu.com.cn/contest/241168", "durationSeconds": 12600}, {"ruleType": 4, "visibilityType": 1, "invitationCodeType": 1, "rated": true, "eloThreshold": 1200, "host": {"id": 1000, "name": "洛谷官方团队", "isPremium": true}, "problemCount": 0, "id": 270110, "name": "【LGR-239-Div.4】洛谷入门赛 #38", "startTime": 1755860400, "endTime": 1755867600, "start_time": 1755860400, "end_time": 1755867600, "platform": "洛谷", "contest_url": "https://www.luogu.com.cn/contest/270110", "durationSeconds": 7200}, {"ruleType": 4, "visibilityType": 2, "invitationCodeType": 1, "rated": false, "eloThreshold": null, "host": {"id": 79037, "name": "「LDOI」出题团", "isPremium": false}, "problemCount": 4, "id": 220842, "name": "「LDOI」Round #3", "startTime": 1755840600, "endTime": 1755851400, "start_time": 1755840600, "end_time": 1755851400, "platform": "洛谷", "contest_url": "https://www.luogu.com.cn/contest/220842", "durationSeconds": 10800}, {"ruleType": 4, "visibilityType": 4, "invitationCodeType": 1, "rated": false, "eloThreshold": null, "host": {"uid": 481337, "name": "FwbAway", "avatar": "https://cdn.luogu.com.cn/upload/usericon/481337.png", "slogan": "欲买桂花同载酒，终不似，少年游", "badge": null, "isAdmin": false, "isBanned": false, "color": "Red", "ccfLevel": 6, "xcpcLevel": 0, "background": "https://cdn.luogu.com.cn/upload/image_hosting/ukv366h7.png"}, "problemCount": 3, "id": 227926, "name": "『Fwb』Round 2 之夏日心动", "startTime": 1755756000, "endTime": 1755770400, "start_time": 1755756000, "end_time": 1755770400, "platform": "洛谷", "contest_url": "https://www.luogu.com.cn/contest/227926", "durationSeconds": 14400}, {"ruleType": 4, "visibilityType": 2, "invitationCodeType": 1, "rated": true, "eloThreshold": 2200, "host": {"id": 92730, "name": "o.OI 出题组", "isPremium": false}, "problemCount": 6, "id": 237166, "name": "o.OI Round 2", "startTime": 1755583200, "endTime": 1755597600, "start_time": 1755583200, "end_time": 1755597600, "platform": "洛谷", "contest_url": "https://www.luogu.com.cn/contest/237166", "durationSeconds": 14400}, {"ruleType": 4, "visibilityType": 2, "invitationCodeType": 1, "rated": true, "eloThreshold": -1, "host": {"id": 58132, "name": "梦熊官方团队", "isPremium": true}, "problemCount": 5, "id": 268622, "name": "【MX-X17】梦熊 X 组 · 芝士赛（同步赛）", "startTime": 1755410400, "endTime": 1755423000, "start_time": 1755410400, "end_time": 1755423000, "platform": "洛谷", "contest_url": "https://www.luogu.com.cn/contest/268622", "durationSeconds": 12600}, {"ruleType": 4, "visibilityType": 2, "invitationCodeType": 1, "rated": true, "eloThreshold": -1, "host": {"id": 58132, "name": "梦熊官方团队", "isPremium": true}, "problemCount": 5, "id": 268623, "name": "【MX-J20】梦熊 J 组 · 芝士赛（同步赛）", "startTime": 1755410400, "endTime": 1755423000, "start_time": 1755410400, "end_time": 1755423000, "platform": "洛谷", "contest_url": "https://www.luogu.com.cn/contest/268623", "durationSeconds": 12600}, {"ruleType": 4, "visibilityType": 2, "invitationCodeType": 1, "rated": false, "eloThreshold": null, "host": {"id": 87854, "name": "NNOI", "isPremium": false}, "problemCount": 4, "id": 249017, "name": "Brooklyn Round 2 & NNOI Round 2", "startTime": 1755392400, "endTime": 1755399600, "start_time": 1755392400, "end_time": 1755399600, "platform": "洛谷", "contest_url": "https://www.luogu.com.cn/contest/249017", "durationSeconds": 7200}, {"ruleType": 1, "visibilityType": 2, "invitationCodeType": 1, "rated": false, "eloThreshold": null, "host": {"id": 108022, "name": "蘑菇村 MGVOI", "isPremium": true}, "problemCount": 4, "id": 265532, "name": "『MGVOI』Round 1 加强赛", "startTime": 1755324000, "endTime": 1755338400, "start_time": 1755324000, "end_time": 1755338400, "platform": "洛谷", "contest_url": "https://www.luogu.com.cn/contest/265532", "durationSeconds": 14400}, {"ruleType": 1, "visibilityType": 1, "invitationCodeType": 1, "rated": true, "eloThreshold": -1, "host": {"id": 1000, "name": "洛谷官方团队", "isPremium": true}, "problemCount": 3, "id": 261748, "name": "【LGR-(-27)】SCP 2025 第一轮（初赛 S 组）模拟", "startTime": 1755153000, "endTime": 1755160200, "start_time": 1755153000, "end_time": 1755160200, "platform": "洛谷", "contest_url": "https://www.luogu.com.cn/contest/261748", "durationSeconds": 7200}, {"ruleType": 4, "visibilityType": 1, "invitationCodeType": 1, "rated": true, "eloThreshold": 2000, "host": {"id": 1000, "name": "洛谷官方团队", "isPremium": true}, "problemCount": 4, "id": 250409, "name": "【LGR-238-Div.2】洛谷 8 月月赛 III & PumpkinOI Round 2", "startTime": 1755064800, "endTime": 1755079200, "start_time": 1755064800, "end_time": 1755079200, "platform": "洛谷", "contest_url": "https://www.luogu.com.cn/contest/250409", "durationSeconds": 14400}, {"ruleType": 4, "visibilityType": 2, "invitationCodeType": 1, "rated": true, "eloThreshold": 9999, "host": {"id": 103701, "name": "「CyOI」", "isPremium": false}, "problemCount": 4, "id": 242562, "name": "「CyOI」Round 1", "startTime": 1754978400, "endTime": 1754992800, "start_time": 1754978400, "end_time": 1754992800, "platform": "洛谷", "contest_url": "https://www.luogu.com.cn/contest/242562", "durationSeconds": 14400}, {"ruleType": 4, "visibilityType": 2, "invitationCodeType": 1, "rated": true, "eloThreshold": -1, "host": {"id": 58132, "name": "梦熊官方团队", "isPremium": true}, "problemCount": 5, "id": 265699, "name": "【MX-J19】梦熊 J 组 · 异或赛 & DLESS Round 3（同步赛）", "startTime": 1754805600, "endTime": 1754818200, "start_time": 1754805600, "end_time": 1754818200, "platform": "洛谷", "contest_url": "https://www.luogu.com.cn/contest/265699", "durationSeconds": 12600}, {"ruleType": 4, "visibilityType": 2, "invitationCodeType": 1, "rated": true, "eloThreshold": -1, "host": {"id": 58132, "name": "梦熊官方团队", "isPremium": true}, "problemCount": 5, "id": 265698, "name": "【MX-X16】梦熊 X 组 · 异或赛 & DLESS Round 3（同步赛）", "startTime": 1754805600, "endTime": 1754818200, "start_time": 1754805600, "end_time": 1754818200, "platform": "洛谷", "contest_url": "https://www.luogu.com.cn/contest/265698", "durationSeconds": 12600}, {"ruleType": 1, "visibilityType": 1, "invitationCodeType": 1, "rated": true, "eloThreshold": -1, "host": {"id": 1000, "name": "洛谷官方团队", "isPremium": true}, "problemCount": 3, "id": 261747, "name": "【LGR-(-26)】SCP 2025 第一轮（初赛 J 组）模拟", "startTime": 1754789400, "endTime": 1754796600, "start_time": 1754789400, "end_time": 1754796600, "platform": "洛谷", "contest_url": "https://www.luogu.com.cn/contest/261747", "durationSeconds": 7200}, {"ruleType": 4, "visibilityType": 1, "invitationCodeType": 1, "rated": true, "eloThreshold": 2000, "host": {"id": 1000, "name": "洛谷官方团队", "isPremium": true}, "problemCount": 4, "id": 232936, "name": "【LGR-236-Div.2】洛谷 8 月月赛 II & IAMOI Round #2", "startTime": 1754719200, "endTime": 1754733600, "start_time": 1754719200, "end_time": 1754733600, "platform": "洛谷", "contest_url": "https://www.luogu.com.cn/contest/232936", "durationSeconds": 14400}, {"ruleType": 4, "visibilityType": 2, "invitationCodeType": 1, "rated": true, "eloThreshold": 9999, "host": {"id": 76916, "name": "TPOI", "isPremium": false}, "problemCount": 4, "id": 244596, "name": "TPOI Round 5 & Q Round", "startTime": 1754632800, "endTime": 1754647200, "start_time": 1754632800, "end_time": 1754647200, "platform": "洛谷", "contest_url": "https://www.luogu.com.cn/contest/244596", "durationSeconds": 14400}]