[{"isSignUp": false, "teamName": "", "contestDuration": 10800000, "contestEndTime": 1755871200000, "contestStartTime": 1755860400000, "topCategoryId": 13, "creatorId": 999991351, "creatorName": "王清楚", "signUpEndCountDownTime": 267029329, "contestName": "牛客挑战赛81", "type": 0, "settingInfo": {"allowTeamSignUp": false, "isProblemAutoOpen": true, "needSignUpField": false, "excitationStatus": "Finished", "problemOriginal": true, "needRankFrozen": false, "logoUrl": "https://uploadfiles.nowcoder.com/images/20231127/999991351_1701076565321/B6D95C90C20C37C1F467623E0D80F1FA", "needSignUpRedirect": false, "forceOnlyMyStatusFilter": true, "needUserNameFormat": false, "sameEndTimeAsSignUpEnd": true, "nbCount": 5, "managerList": "[]", "needPassword": false, "organizerName": "nowcoder.com", "needCharge": false, "allowMessage": true, "ratingStatus": "Waiting", "needRatingUpperLimit": false, "rankSaveStatus": "No"}, "countDownTime": 256229329, "signUpCount": 328, "contestId": 115997, "contestSignUpEndTime": 1755871200000, "userLevel": 8, "teamId": 0, "isManager": false, "isTeamSignUp": false, "contestSignUpStartTime": 1738807200000, "signUpCountDownTime": -16796970671, "filledPassword": false, "start_time": 1755860400, "end_time": 1755871200, "durationSeconds": 10800, "name": "牛客挑战赛81", "platform": "牛客", "contest_url": "https://ac.nowcoder.com/acm/contest/115997"},{"isSignUp": false, "teamName": "", "contestDuration": 7200000, "contestEndTime": 1756040400000, "contestStartTime": 1756033200000, "topCategoryId": 13, "creatorId": 919247, "creatorName": "比那名居的桃子", "signUpEndCountDownTime": 436229326, "contestName": "牛客周赛 Round 106", "type": 3, "settingInfo": {"allowTeamSignUp": false, "isProblemAutoOpen": true, "needSignUpField": false, "excitationStatus": "Finished", "problemOriginal": true, "needRankFrozen": false, "logoUrl": "https://uploadfiles.nowcoder.com/images/20231024/919247_1698133488580/D83B2FAF25FB04A2D62E52C202CB9781", "needSignUpRedirect": false, "forceOnlyMyStatusFilter": false, "needUserNameFormat": false, "sameEndTimeAsSignUpEnd": true, "ratingUpperLimit": 1599, "nbCount": 5, "managerList": "[]", "needPassword": false, "organizerName": "牛客竞赛", "needCharge": false, "allowMessage": true, "ratingStatus": "Waiting", "needRatingUpperLimit": true, "rankSaveStatus": "No"}, "countDownTime": 429029326, "signUpCount": 368, "contestId": 116002, "contestSignUpEndTime": 1756040400000, "userLevel": 7, "teamId": 0, "isManager": false, "isTeamSignUp": false, "contestSignUpStartTime": 1752026400000, "signUpCountDownTime": -3577770674, "filledPassword": false, "start_time": 1756033200, "end_time": 1756040400, "durationSeconds": 7200, "name": "牛客周赛 Round 106", "platform": "牛客", "contest_url": "https://ac.nowcoder.com/acm/contest/116002"},{"isSignUp": false, "teamName": "", "contestDuration": 9000000, "contestEndTime": 1756474200000, "contestStartTime": 1756465200000, "topCategoryId": 13, "creatorId": 999991351, "creatorName": "王清楚", "signUpEndCountDownTime": 870029322, "contestName": "牛客练习赛143", "type": 0, "settingInfo": {"allowTeamSignUp": false, "isProblemAutoOpen": true, "needSignUpField": false, "excitationStatus": "Finished", "problemOriginal": true, "needRankFrozen": false, "logoUrl": "https://uploadfiles.nowcoder.com/images/20231023/999991351_1698041518583/4A338599A4C130236C8E9E700B89A7B2", "needSignUpRedirect": false, "forceOnlyMyStatusFilter": false, "needUserNameFormat": false, "sameEndTimeAsSignUpEnd": true, "ratingUpperLimit": 2399, "nbCount": 5, "managerList": "[]", "needPassword": false, "organizerName": "nowcoder.com", "needCharge": false, "allowMessage": true, "ratingStatus": "Waiting", "needRatingUpperLimit": true, "rankSaveStatus": "No"}, "countDownTime": 861029322, "signUpCount": 280, "contestId": 115999, "contestSignUpEndTime": 1756474200000, "userLevel": 8, "teamId": 0, "isManager": false, "isTeamSignUp": false, "contestSignUpStartTime": 1743991200000, "signUpCountDownTime": -11612970678, "filledPassword": false, "start_time": 1756465200, "end_time": 1756474200, "durationSeconds": 9000, "name": "牛客练习赛143", "platform": "牛客", "contest_url": "https://ac.nowcoder.com/acm/contest/115999"},{"isSignUp": false, "teamName": "", "contestDuration": 7200000, "contestEndTime": 1755435600000, "contestStartTime": 1755428400000, "topCategoryId": 13, "creatorId": 919247, "creatorName": "比那名居的桃子", "signUpEndCountDownTime": -168570817, "contestName": "牛客周赛 Round 105", "type": 3, "settingInfo": {"allowTeamSignUp": false, "isProblemAutoOpen": true, "needSignUpField": false, "excitationStatus": "Finished", "problemOriginal": true, "needRankFrozen": false, "logoUrl": "https://uploadfiles.nowcoder.com/images/20231024/919247_1698133488580/D83B2FAF25FB04A2D62E52C202CB9781", "needSignUpRedirect": false, "forceOnlyMyStatusFilter": false, "needUserNameFormat": false, "sameEndTimeAsSignUpEnd": true, "ratingUpperLimit": 1599, "nbCount": 5, "managerList": [214360960, 999991351, 966251048, 374967423, 545882791, 229574479, 141102580, 8582211], "needPassword": false, "organizerName": "牛客竞赛", "needCharge": false, "allowMessage": true, "ratingStatus": "Finished", "needRatingUpperLimit": true, "rankSaveStatus": "Finished"}, "countDownTime": -175770817, "signUpCount": 1622, "contestId": 115861, "contestSignUpEndTime": 1755435600000, "userLevel": 7, "teamId": 0, "isManager": false, "isTeamSignUp": false, "contestSignUpStartTime": 1752026400000, "signUpCountDownTime": -3577770817, "filledPassword": false, "start_time": 1755428400, "end_time": 1755435600, "durationSeconds": 7200, "name": "牛客周赛 Round 105", "platform": "牛客", "contest_url": "https://ac.nowcoder.com/acm/contest/115861"},{"isSignUp": false, "teamName": "", "contestDuration": 18000000, "contestEndTime": 1755162000000, "contestStartTime": 1755144000000, "topCategoryId": 13, "creatorId": 999991351, "creatorName": "王清楚", "signUpEndCountDownTime": -442170821, "contestName": "\"影石Insta360杯\"2025牛客暑期多校训练营10", "type": 0, "settingInfo": {"allowTeamSignUp": true, "isProblemAutoOpen": false, "excitationStatus": "Finished", "rankFrozenMinute": 60, "forceOnlyMyStatusFilter": true, "purchaseUrl": "https://competition.nowcoder.com/200/introduce#378", "sameEndTimeAsSignUpEnd": true, "rankEndFrozenMillisecond": 0, "organizerName": "nowcoder.com", "ratingStatus": "Finished", "needRatingUpperLimit": false, "needSignUpField": false, "rankFrozenMillisecond": 3600000, "problemOriginal": true, "needRankFrozen": true, "logoUrl": "https://uploadfiles.nowcoder.com/images/20250811/999991351_1754878927763/01A6AB888DC8B500236F6FF7A4797295", "needSignUpRedirect": false, "needUserNameFormat": false, "nbCount": 0, "managerList": [3243860, 276712183, 696921102, 163474045, 44990023, 592995299, 935871795, 163474045, 214360960, 1030029998, 877554072, 940597055], "needPassword": false, "needCharge": true, "allowMessage": true, "rankEndFrozenMinute": 0, "rankSaveStatus": "Finished"}, "countDownTime": -460170821, "signUpCount": 5098, "contestId": 108307, "contestSignUpEndTime": 1755162000000, "userLevel": 8, "teamId": 0, "isManager": false, "isTeamSignUp": false, "contestSignUpStartTime": 1746669600000, "signUpCountDownTime": -8934570821, "filledPassword": false, "start_time": 1755144000, "end_time": 1755162000, "durationSeconds": 18000, "name": "\"影石Insta360杯\"2025牛客暑期多校训练营10", "platform": "牛客", "contest_url": "https://ac.nowcoder.com/acm/contest/108307"},{"isSignUp": false, "teamName": "", "contestDuration": 18000000, "contestEndTime": 1754989200000, "contestStartTime": 1754971200000, "topCategoryId": 13, "creatorId": 999991351, "creatorName": "王清楚", "signUpEndCountDownTime": -614970825, "contestName": "\"影石Insta360杯\"2025牛客暑期多校训练营9", "type": 0, "settingInfo": {"allowTeamSignUp": true, "isProblemAutoOpen": false, "excitationStatus": "Finished", "rankFrozenMinute": 60, "forceOnlyMyStatusFilter": true, "purchaseUrl": "https://competition.nowcoder.com/200/introduce#378", "sameEndTimeAsSignUpEnd": true, "rankEndFrozenMillisecond": 0, "organizerName": "nowcoder.com", "ratingStatus": "Finished", "needRatingUpperLimit": false, "needSignUpField": false, "rankFrozenMillisecond": 3600000, "problemOriginal": true, "needRankFrozen": true, "logoUrl": "https://uploadfiles.nowcoder.com/images/20250811/999991351_1754877405379/01A6AB888DC8B500236F6FF7A4797295", "needSignUpRedirect": false, "needUserNameFormat": false, "nbCount": 0, "managerList": [999991351, 833410550, 667736891, 306853389, 214360960], "needPassword": false, "needCharge": true, "allowMessage": true, "rankEndFrozenMinute": 0, "rankSaveStatus": "Finished"}, "countDownTime": -632970825, "signUpCount": 5085, "contestId": 108306, "contestSignUpEndTime": 1754989200000, "userLevel": 8, "teamId": 0, "isManager": false, "isTeamSignUp": false, "contestSignUpStartTime": 1746669600000, "signUpCountDownTime": -8934570825, "filledPassword": false, "start_time": 1754971200, "end_time": 1754989200, "durationSeconds": 18000, "name": "\"影石Insta360杯\"2025牛客暑期多校训练营9", "platform": "牛客", "contest_url": "https://ac.nowcoder.com/acm/contest/108306"},{"isSignUp": false, "teamName": "", "contestDuration": 7200000, "contestEndTime": 1754830800000, "contestStartTime": 1754823600000, "topCategoryId": 13, "creatorId": 919247, "creatorName": "比那名居的桃子", "signUpEndCountDownTime": -773370828, "contestName": "牛客周赛 Round 104", "type": 3, "settingInfo": {"allowTeamSignUp": false, "isProblemAutoOpen": true, "needSignUpField": false, "excitationStatus": "Finished", "problemOriginal": true, "needRankFrozen": false, "logoUrl": "https://uploadfiles.nowcoder.com/images/20231024/919247_1698133488580/D83B2FAF25FB04A2D62E52C202CB9781", "needSignUpRedirect": false, "forceOnlyMyStatusFilter": false, "needUserNameFormat": false, "sameEndTimeAsSignUpEnd": true, "ratingUpperLimit": 1599, "nbCount": 5, "managerList": [214360960, 999991351, 966251048, 374967423, 545882791, 229574479, 8582211, 141102580, 323096256, 133756719, 55119871, 738447928], "needPassword": false, "organizerName": "牛客竞赛", "needCharge": false, "allowMessage": true, "ratingStatus": "Finished", "needRatingUpperLimit": true, "rankSaveStatus": "No"}, "countDownTime": -780570828, "signUpCount": 2041, "contestId": 114848, "contestSignUpEndTime": 1754830800000, "userLevel": 7, "teamId": 0, "isManager": false, "isTeamSignUp": false, "contestSignUpStartTime": 1752026400000, "signUpCountDownTime": -3577770828, "filledPassword": false, "start_time": 1754823600, "end_time": 1754830800, "durationSeconds": 7200, "name": "牛客周赛 Round 104", "platform": "牛客", "contest_url": "https://ac.nowcoder.com/acm/contest/114848"},{"isSignUp": false, "teamName": "", "contestDuration": 18000000, "contestEndTime": 1754557200000, "contestStartTime": 1754539200000, "topCategoryId": 13, "creatorId": 999991351, "creatorName": "王清楚", "signUpEndCountDownTime": -1046970832, "contestName": "2025牛客暑期多校训练营8", "type": 0, "settingInfo": {"allowTeamSignUp": true, "isProblemAutoOpen": false, "excitationStatus": "Finished", "rankFrozenMinute": 60, "forceOnlyMyStatusFilter": true, "purchaseUrl": "https://competition.nowcoder.com/200/introduce#378", "sameEndTimeAsSignUpEnd": true, "rankEndFrozenMillisecond": 0, "organizerName": "nowcoder.com", "ratingStatus": "Finished", "needRatingUpperLimit": false, "needSignUpField": false, "rankFrozenMillisecond": 3600000, "problemOriginal": true, "needRankFrozen": true, "logoUrl": "https://uploadfiles.nowcoder.com/images/20250417/999991351_1744869903446/CE08429E50663699CB0A5F745237B613", "needSignUpRedirect": false, "needUserNameFormat": false, "nbCount": 0, "managerList": [7427254, 949770, 214360960, 244801773], "needPassword": false, "needCharge": true, "allowMessage": true, "rankEndFrozenMinute": 0, "rankSaveStatus": "Finished"}, "countDownTime": -1064970832, "signUpCount": 5083, "contestId": 108305, "contestSignUpEndTime": 1754557200000, "userLevel": 8, "teamId": 0, "isManager": false, "isTeamSignUp": false, "contestSignUpStartTime": 1746669600000, "signUpCountDownTime": -8934570832, "filledPassword": false, "start_time": 1754539200, "end_time": 1754557200, "durationSeconds": 18000, "name": "2025牛客暑期多校训练营8", "platform": "牛客", "contest_url": "https://ac.nowcoder.com/acm/contest/108305"},{"isSignUp": false, "teamName": "", "contestDuration": 18000000, "contestEndTime": 1754384400000, "contestStartTime": 1754366400000, "topCategoryId": 13, "creatorId": 999991351, "creatorName": "王清楚", "signUpEndCountDownTime": -1219770835, "contestName": "&quot;现代汽车前瞻杯&quot;2025牛客暑期多校训练营7", "type": 0, "settingInfo": {"allowTeamSignUp": true, "isProblemAutoOpen": false, "excitationStatus": "Finished", "rankFrozenMinute": 60, "forceOnlyMyStatusFilter": true, "purchaseUrl": "https://competition.nowcoder.com/200/introduce#378", "sameEndTimeAsSignUpEnd": true, "rankEndFrozenMillisecond": 0, "organizerName": "nowcoder.com", "ratingStatus": "Finished", "needRatingUpperLimit": false, "needSignUpField": false, "rankFrozenMillisecond": 3600000, "problemOriginal": true, "needRankFrozen": true, "logoUrl": "https://uploadfiles.nowcoder.com/images/20250724/999991351_1753349663031/0A032876F2561BD1BBF7430B1D6BF996", "needSignUpRedirect": false, "needUserNameFormat": false, "nbCount": 0, "managerList": [738977420, 151788783, 437020158, 214360960], "needPassword": false, "needCharge": true, "allowMessage": true, "rankEndFrozenMinute": 0, "rankSaveStatus": "No"}, "countDownTime": -1237770835, "signUpCount": 5082, "contestId": 108304, "contestSignUpEndTime": 1754384400000, "userLevel": 8, "teamId": 0, "isManager": false, "isTeamSignUp": false, "contestSignUpStartTime": 1746669600000, "signUpCountDownTime": -8934570835, "filledPassword": false, "start_time": 1754366400, "end_time": 1754384400, "durationSeconds": 18000, "name": "&quot;现代汽车前瞻杯&quot;2025牛客暑期多校训练营7", "platform": "牛客", "contest_url": "https://ac.nowcoder.com/acm/contest/108304"},{"isSignUp": false, "teamName": "", "contestDuration": 7200000, "contestEndTime": 1754226000000, "contestStartTime": 1754218800000, "topCategoryId": 13, "creatorId": 919247, "creatorName": "比那名居的桃子", "signUpEndCountDownTime": -1378170838, "contestName": "牛客周赛 Round 103", "type": 3, "settingInfo": {"allowTeamSignUp": false, "isProblemAutoOpen": true, "needSignUpField": false, "excitationStatus": "Finished", "problemOriginal": true, "needRankFrozen": false, "logoUrl": "https://uploadfiles.nowcoder.com/images/20231024/919247_1698133488580/D83B2FAF25FB04A2D62E52C202CB9781", "needSignUpRedirect": false, "forceOnlyMyStatusFilter": false, "needUserNameFormat": false, "sameEndTimeAsSignUpEnd": true, "ratingUpperLimit": 1599, "nbCount": 5, "managerList": [214360960, 999991351, 966251048, 374967423, 545882791, 229574479], "needPassword": false, "organizerName": "牛客竞赛", "needCharge": false, "allowMessage": true, "ratingStatus": "Finished", "needRatingUpperLimit": true, "rankSaveStatus": "Finished"}, "countDownTime": -1385370838, "signUpCount": 1926, "contestId": 114593, "contestSignUpEndTime": 1754226000000, "userLevel": 7, "teamId": 0, "isManager": false, "isTeamSignUp": false, "contestSignUpStartTime": 1752026400000, "signUpCountDownTime": -3577770838, "filledPassword": false, "start_time": 1754218800, "end_time": 1754226000, "durationSeconds": 7200, "name": "牛客周赛 Round 103", "platform": "牛客", "contest_url": "https://ac.nowcoder.com/acm/contest/114593"},{"isSignUp": false, "teamName": "", "contestDuration": 18000000, "contestEndTime": 1753952400000, "contestStartTime": 1753934400000, "topCategoryId": 13, "creatorId": 999991351, "creatorName": "王清楚", "signUpEndCountDownTime": -1651770842, "contestName": "2025牛客暑期多校训练营6", "type": 0, "settingInfo": {"allowTeamSignUp": true, "isProblemAutoOpen": false, "excitationStatus": "Finished", "rankFrozenMinute": 60, "forceOnlyMyStatusFilter": true, "purchaseUrl": "https://competition.nowcoder.com/200/introduce#378", "sameEndTimeAsSignUpEnd": true, "rankEndFrozenMillisecond": 0, "organizerName": "nowcoder.com", "ratingStatus": "Finished", "needRatingUpperLimit": false, "needSignUpField": false, "rankFrozenMillisecond": 3600000, "problemOriginal": true, "needRankFrozen": true, "logoUrl": "https://uploadfiles.nowcoder.com/images/20250417/999991351_1744869903446/CE08429E50663699CB0A5F745237B613", "needSignUpRedirect": false, "needUserNameFormat": false, "nbCount": 0, "managerList": [244801773, 214360960, 79994129, 379004559], "needPassword": false, "needCharge": true, "allowMessage": true, "rankEndFrozenMinute": 0, "rankSaveStatus": "Finished"}, "countDownTime": -1669770842, "signUpCount": 5074, "contestId": 108303, "contestSignUpEndTime": 1753952400000, "userLevel": 8, "teamId": 0, "isManager": false, "isTeamSignUp": false, "contestSignUpStartTime": 1746669600000, "signUpCountDownTime": -8934570842, "filledPassword": false, "start_time": 1753934400, "end_time": 1753952400, "durationSeconds": 18000, "name": "2025牛客暑期多校训练营6", "platform": "牛客", "contest_url": "https://ac.nowcoder.com/acm/contest/108303"},{"isSignUp": false, "teamName": "", "contestDuration": 18000000, "contestEndTime": 1753779600000, "contestStartTime": 1753761600000, "topCategoryId": 13, "creatorId": 999991351, "creatorName": "王清楚", "signUpEndCountDownTime": -1824570845, "contestName": "2025牛客暑期多校训练营5", "type": 0, "settingInfo": {"allowTeamSignUp": true, "isProblemAutoOpen": false, "excitationStatus": "Finished", "rankFrozenMinute": 60, "forceOnlyMyStatusFilter": true, "purchaseUrl": "https://competition.nowcoder.com/200/introduce#378", "sameEndTimeAsSignUpEnd": true, "rankEndFrozenMillisecond": 0, "organizerName": "nowcoder.com", "ratingStatus": "Finished", "needRatingUpperLimit": false, "needSignUpField": false, "rankFrozenMillisecond": 3600000, "problemOriginal": true, "needRankFrozen": true, "logoUrl": "https://uploadfiles.nowcoder.com/images/20250417/999991351_1744869903446/CE08429E50663699CB0A5F745237B613", "needSignUpRedirect": false, "needUserNameFormat": false, "nbCount": 0, "managerList": [650504193, 214360960, 181103070], "needPassword": false, "needCharge": true, "allowMessage": true, "rankEndFrozenMinute": 0, "rankSaveStatus": "Finished"}, "countDownTime": -1842570845, "signUpCount": 5070, "contestId": 108302, "contestSignUpEndTime": 1753779600000, "userLevel": 8, "teamId": 0, "isManager": false, "isTeamSignUp": false, "contestSignUpStartTime": 1746669600000, "signUpCountDownTime": -8934570845, "filledPassword": false, "start_time": 1753761600, "end_time": 1753779600, "durationSeconds": 18000, "name": "2025牛客暑期多校训练营5", "platform": "牛客", "contest_url": "https://ac.nowcoder.com/acm/contest/108302"},{"isSignUp": false, "teamName": "", "contestDuration": 7200000, "contestEndTime": 1753621200000, "contestStartTime": 1753614000000, "topCategoryId": 13, "creatorId": 919247, "creatorName": "比那名居的桃子", "signUpEndCountDownTime": -1982970849, "contestName": "牛客周赛 Round 102", "type": 3, "settingInfo": {"allowTeamSignUp": false, "isProblemAutoOpen": true, "needSignUpField": false, "excitationStatus": "Finished", "problemOriginal": true, "needRankFrozen": false, "logoUrl": "https://uploadfiles.nowcoder.com/images/20231024/919247_1698133488580/D83B2FAF25FB04A2D62E52C202CB9781", "needSignUpRedirect": false, "forceOnlyMyStatusFilter": false, "needUserNameFormat": false, "sameEndTimeAsSignUpEnd": true, "ratingUpperLimit": 1599, "nbCount": 5, "managerList": [214360960, 999991351, 966251048, 374967423, 545882791, 229574479, 8582211, 141102580], "needPassword": false, "organizerName": "牛客竞赛", "needCharge": false, "allowMessage": true, "ratingStatus": "Finished", "needRatingUpperLimit": true, "rankSaveStatus": "Finished"}, "countDownTime": -1990170849, "signUpCount": 2074, "contestId": 114111, "contestSignUpEndTime": 1753621200000, "userLevel": 7, "teamId": 0, "isManager": false, "isTeamSignUp": false, "contestSignUpStartTime": 1752026400000, "signUpCountDownTime": -3577770849, "filledPassword": false, "start_time": 1753614000, "end_time": 1753621200, "durationSeconds": 7200, "name": "牛客周赛 Round 102", "platform": "牛客", "contest_url": "https://ac.nowcoder.com/acm/contest/114111"}]