[{"isSignUp": false, "teamName": "", "contestDuration": 14400000, "contestEndTime": 1755680400000, "contestStartTime": 1755666000000, "topCategoryId": 14, "creatorId": 368903292, "creatorName": "cloudfly03", "signUpEndCountDownTime": 76228096, "contestName": "河南萌新联赛2025第（六）场：郑州大学", "type": 0, "settingInfo": {"allowTeamSignUp": false, "isProblemAutoOpen": false, "needSignUpField": false, "rankFrozenMillisecond": 3600000, "problemOriginal": true, "needRankFrozen": true, "rankFrozenMinute": 60, "logoUrl": "https://uploadfiles.nowcoder.com/images/20250818/368903292_1755497065410/1167610AA17B0813233FE82D99403E41", "needSignUpRedirect": false, "forceOnlyMyStatusFilter": true, "needUserNameFormat": false, "organizerSchool": "郑州大学", "sameEndTimeAsSignUpEnd": false, "rankEndFrozenMillisecond": 0, "managerList": [], "needPassword": false, "organizerName": "郑州大学", "needCharge": false, "allowMessage": true, "ratingStatus": "No", "rankEndFrozenMinute": 0, "needRatingUpperLimit": false, "rankSaveStatus": "No"}, "countDownTime": 61828096, "signUpCount": 206, "contestId": 116216, "contestSignUpEndTime": 1755680400000, "userLevel": 6, "teamId": 0, "isManager": false, "isTeamSignUp": false, "contestSignUpStartTime": 1755324000000, "signUpCountDownTime": -280171904, "filledPassword": false, "start_time": 1755666000, "end_time": 1755680400, "durationSeconds": 14400, "name": "河南萌新联赛2025第（六）场：郑州大学", "platform": "牛客", "contest_url": "https://ac.nowcoder.com/acm/contest/116216"},{"isSignUp": false, "teamName": "", "contestDuration": 14400000, "contestEndTime": 1755075600000, "contestStartTime": 1755061200000, "topCategoryId": 14, "creatorId": 942157605, "creatorName": "王小镜子", "signUpEndCountDownTime": -528572019, "contestName": "河南萌新联赛2025第（五）场：信息工程大学&rdquo;", "type": 0, "settingInfo": {"allowTeamSignUp": true, "isProblemAutoOpen": false, "needSignUpField": false, "rankFrozenMillisecond": 3600000, "excitationStatus": "Finished", "problemOriginal": true, "needRankFrozen": true, "rankFrozenMinute": 60, "logoUrl": "https://uploadfiles.nowcoder.com/images/20250806/942157605_1754464252465/DEE4C8435EBB9B433E1023A2C64CA0FA", "needSignUpRedirect": false, "forceOnlyMyStatusFilter": true, "needUserNameFormat": false, "organizerSchool": "中国人民解放军战略支援部队信息工程大学", "sameEndTimeAsSignUpEnd": true, "rankEndFrozenMillisecond": 0, "managerList": [], "needPassword": false, "organizerName": "信息工程大学", "needCharge": false, "allowMessage": true, "ratingStatus": "No", "rankEndFrozenMinute": 0, "needRatingUpperLimit": false, "rankSaveStatus": "Finished"}, "countDownTime": -542972019, "signUpCount": 1332, "contestId": 115567, "contestSignUpEndTime": 1755075600000, "userLevel": 3, "teamId": 0, "isManager": false, "isTeamSignUp": false, "contestSignUpStartTime": 1754758800000, "signUpCountDownTime": -845372019, "filledPassword": false, "start_time": 1755061200, "end_time": 1755075600, "durationSeconds": 14400, "name": "河南萌新联赛2025第（五）场：信息工程大学&rdquo;", "platform": "牛客", "contest_url": "https://ac.nowcoder.com/acm/contest/115567"},{"isSignUp": false, "teamName": "", "contestDuration": 14400000, "contestEndTime": 1754470800000, "contestStartTime": 1754456400000, "topCategoryId": 14, "creatorId": 747128325, "creatorName": "nitss", "signUpEndCountDownTime": -1133372023, "contestName": "河南萌新联赛2025第（四）场：河南大学", "type": 0, "settingInfo": {"allowTeamSignUp": false, "isProblemAutoOpen": false, "needSignUpField": false, "excitationStatus": "Finished", "problemOriginal": true, "needRankFrozen": false, "logoUrl": "https://uploadfiles.nowcoder.com/compress/mw1000/images/20250801/747128325_1754022080810/02DB49F2546A24B644B213B3BBEEBC39", "needSignUpRedirect": false, "forceOnlyMyStatusFilter": false, "needUserNameFormat": false, "organizerSchool": "河南大学", "sameEndTimeAsSignUpEnd": true, "managerList": [62957544, 889406176], "needPassword": false, "organizerName": "河南大学", "needCharge": false, "allowMessage": true, "ratingStatus": "No", "needRatingUpperLimit": false, "rankSaveStatus": "Finished"}, "countDownTime": -1147772023, "signUpCount": 1526, "contestId": 115184, "contestSignUpEndTime": 1754470800000, "userLevel": 3, "teamId": 0, "isManager": false, "isTeamSignUp": false, "contestSignUpStartTime": 1754022015000, "signUpCountDownTime": -1582157023, "filledPassword": false, "start_time": 1754456400, "end_time": 1754470800, "durationSeconds": 14400, "name": "河南萌新联赛2025第（四）场：河南大学", "platform": "牛客", "contest_url": "https://ac.nowcoder.com/acm/contest/115184"},{"isSignUp": false, "teamName": "", "contestDuration": 14400000, "contestEndTime": 1753866000000, "contestStartTime": 1753851600000, "topCategoryId": 14, "creatorId": 183323202, "creatorName": "HPU_ACM", "signUpEndCountDownTime": -1738172026, "contestName": "河南萌新联赛2025第（三）场：河南理工大学", "type": 0, "settingInfo": {"allowTeamSignUp": false, "isProblemAutoOpen": false, "needSignUpField": false, "excitationStatus": "Finished", "problemOriginal": true, "needRankFrozen": false, "logoUrl": "https://uploadfiles.nowcoder.com/images/20250727/183323202_1753599651897/741A465D07D8E1B82525CA4B224BA7F4", "needSignUpRedirect": false, "forceOnlyMyStatusFilter": false, "needUserNameFormat": false, "organizerSchool": "河南理工大学", "sameEndTimeAsSignUpEnd": true, "managerList": [896532705, 605016791, 805376919, 633962741, 383057884, 716122814, 855805986, 763723186, 86200173, 210030041, 267748733], "needPassword": false, "organizerName": "河南理工大学", "needCharge": false, "allowMessage": true, "ratingStatus": "No", "needRatingUpperLimit": false, "rankSaveStatus": "Finished"}, "countDownTime": -1752572026, "signUpCount": 1423, "contestId": 114806, "contestSignUpEndTime": 1753866000000, "userLevel": 3, "teamId": 0, "isManager": false, "isTeamSignUp": false, "contestSignUpStartTime": 1753664400000, "signUpCountDownTime": -1939772026, "filledPassword": false, "start_time": 1753851600, "end_time": 1753866000, "durationSeconds": 14400, "name": "河南萌新联赛2025第（三）场：河南理工大学", "platform": "牛客", "contest_url": "https://ac.nowcoder.com/acm/contest/114806"},{"isSignUp": false, "teamName": "", "contestDuration": 14400000, "contestEndTime": 1753261200000, "contestStartTime": 1753246800000, "topCategoryId": 14, "creatorId": 252157130, "creatorName": "偷摸0", "signUpEndCountDownTime": -2342972030, "contestName": "河南萌新联赛2025第（二）场：河南农业大学", "type": 0, "settingInfo": {"allowTeamSignUp": false, "isProblemAutoOpen": false, "needSignUpField": false, "rankFrozenMillisecond": 3600000, "excitationStatus": "Finished", "problemOriginal": true, "needRankFrozen": true, "rankFrozenMinute": 60, "logoUrl": "https://uploadfiles.nowcoder.com/images/20250722/252157130_1753170599843/122C5DE1D398836D24C106AF062CA36F", "needSignUpRedirect": false, "forceOnlyMyStatusFilter": true, "needUserNameFormat": false, "organizerSchool": "河南农业大学", "sameEndTimeAsSignUpEnd": true, "rankEndFrozenMillisecond": 0, "managerList": [781627582, 515966025, 588487307], "needPassword": false, "organizerName": "河南农业大学", "needCharge": false, "allowMessage": true, "ratingStatus": "No", "rankEndFrozenMinute": 0, "needRatingUpperLimit": false, "rankSaveStatus": "Finished"}, "countDownTime": -2357372030, "signUpCount": 1613, "contestId": 114408, "contestSignUpEndTime": 1753261200000, "userLevel": 3, "teamId": 0, "isManager": false, "isTeamSignUp": false, "contestSignUpStartTime": 1753111945000, "signUpCountDownTime": -2492227030, "filledPassword": false, "start_time": 1753246800, "end_time": 1753261200, "durationSeconds": 14400, "name": "河南萌新联赛2025第（二）场：河南农业大学", "platform": "牛客", "contest_url": "https://ac.nowcoder.com/acm/contest/114408"},{"isSignUp": false, "teamName": "", "contestDuration": 14400000, "contestEndTime": 1752656400000, "contestStartTime": 1752642000000, "topCategoryId": 14, "creatorId": 46793844, "creatorName": "chengliatzz", "signUpEndCountDownTime": -2947772033, "contestName": "河南萌新联赛2025第（一）场：河南工业大学", "type": 0, "settingInfo": {"allowTeamSignUp": false, "isProblemAutoOpen": false, "needSignUpField": false, "excitationStatus": "Finished", "problemOriginal": true, "needRankFrozen": false, "logoUrl": "https://uploadfiles.nowcoder.com/images/20250713/46793844_1752410640207/7BFB83A1456FC6EC331383B46390AE8C", "needSignUpRedirect": false, "forceOnlyMyStatusFilter": false, "needUserNameFormat": false, "organizerSchool": "河南工业大学", "sameEndTimeAsSignUpEnd": true, "managerList": [214360960], "needPassword": false, "organizerName": "河南工业大学", "needCharge": false, "allowMessage": true, "ratingStatus": "No", "needRatingUpperLimit": false, "rankSaveStatus": "No"}, "countDownTime": -2962172033, "signUpCount": 1676, "contestId": 113664, "contestSignUpEndTime": 1752656400000, "userLevel": 4, "teamId": 0, "isManager": false, "isTeamSignUp": false, "contestSignUpStartTime": 1752411600000, "signUpCountDownTime": -3192572033, "filledPassword": false, "start_time": 1752642000, "end_time": 1752656400, "durationSeconds": 14400, "name": "河南萌新联赛2025第（一）场：河南工业大学", "platform": "牛客", "contest_url": "https://ac.nowcoder.com/acm/contest/113664"},{"isSignUp": false, "teamName": "", "contestDuration": 18000000, "contestEndTime": 1752400800000, "contestStartTime": 1752382800000, "topCategoryId": 14, "creatorId": 448300649, "creatorName": "xiaowang5242", "signUpEndCountDownTime": -3203372036, "contestName": "2025年第一届上海师范大学程序设计竞赛（同步赛）", "type": 0, "settingInfo": {"allowTeamSignUp": false, "isProblemAutoOpen": false, "needSignUpField": false, "rankFrozenMillisecond": 3600000, "excitationStatus": "Finished", "problemOriginal": true, "needRankFrozen": true, "rankFrozenMinute": 60, "logoUrl": "https://uploadfiles.nowcoder.com/images/20250630/448300649_1751250992417/DF8904ECFF4F1CB9B537071F8BDF79C3", "needSignUpRedirect": false, "forceOnlyMyStatusFilter": true, "needUserNameFormat": false, "organizerSchool": "上海师范大学", "sameEndTimeAsSignUpEnd": true, "rankEndFrozenMillisecond": 0, "managerList": [], "needPassword": false, "organizerName": "上海师范大学ACM集训队", "needCharge": false, "allowMessage": true, "ratingStatus": "No", "rankEndFrozenMinute": 0, "needRatingUpperLimit": false, "rankSaveStatus": "Finished"}, "countDownTime": -3221372036, "signUpCount": 521, "contestId": 112732, "contestSignUpEndTime": 1752400800000, "userLevel": 3, "teamId": 0, "isManager": false, "isTeamSignUp": false, "contestSignUpStartTime": 1751250640000, "signUpCountDownTime": -4353532036, "filledPassword": false, "start_time": 1752382800, "end_time": 1752400800, "durationSeconds": 18000, "name": "2025年第一届上海师范大学程序设计竞赛（同步赛）", "platform": "牛客", "contest_url": "https://ac.nowcoder.com/acm/contest/112732"},{"isSignUp": false, "teamName": "", "contestDuration": 18000000, "contestEndTime": 1751796000000, "contestStartTime": 1751778000000, "topCategoryId": 14, "creatorId": 452972611, "creatorName": "qukky", "signUpEndCountDownTime": -3808172040, "contestName": "新疆大学2025年7月月赛（同步赛）", "type": 0, "settingInfo": {"allowTeamSignUp": false, "isProblemAutoOpen": false, "needSignUpField": false, "rankFrozenMillisecond": 3600000, "excitationStatus": "Finished", "problemOriginal": true, "needRankFrozen": true, "rankFrozenMinute": 60, "logoUrl": "https://uploadfiles.nowcoder.com/images/20250703/452972611_1751533999745/13D055D3C4F04E70DD6DD5A631B2F650", "needSignUpRedirect": false, "forceOnlyMyStatusFilter": true, "needUserNameFormat": false, "organizerSchool": "新疆大学", "sameEndTimeAsSignUpEnd": false, "rankEndFrozenMillisecond": 0, "managerList": [], "needPassword": false, "organizerName": "nowcoder", "needCharge": false, "allowMessage": true, "ratingStatus": "No", "rankEndFrozenMinute": 0, "needRatingUpperLimit": false, "rankSaveStatus": "Finished"}, "countDownTime": -3826172040, "signUpCount": 246, "contestId": 112889, "contestSignUpEndTime": 1751796000000, "userLevel": 1, "teamId": 0, "isManager": false, "isTeamSignUp": false, "contestSignUpStartTime": 1751436000000, "signUpCountDownTime": -4168172040, "filledPassword": false, "start_time": 1751778000, "end_time": 1751796000, "durationSeconds": 18000, "name": "新疆大学2025年7月月赛（同步赛）", "platform": "牛客", "contest_url": "https://ac.nowcoder.com/acm/contest/112889"},{"isSignUp": false, "teamName": "", "contestDuration": 18000000, "contestEndTime": 1751269200000, "contestStartTime": 1751251200000, "topCategoryId": 14, "creatorId": 96744685, "creatorName": "我不喜欢暴力数据结构", "signUpEndCountDownTime": -4334972043, "contestName": "金山杯2025年武汉理工大学程序设计竞赛", "type": 0, "settingInfo": {"allowTeamSignUp": true, "isProblemAutoOpen": false, "needSignUpField": false, "rankFrozenMillisecond": 3600000, "excitationStatus": "Finished", "problemOriginal": true, "needRankFrozen": true, "rankFrozenMinute": 60, "logoUrl": "https://uploadfiles.nowcoder.com/images/20250629/96744685_1751159902444/E43CB883DDA691695A5CAFEE7802F399", "needSignUpRedirect": false, "forceOnlyMyStatusFilter": true, "needUserNameFormat": false, "organizerSchool": "武汉理工大学", "sameEndTimeAsSignUpEnd": true, "rankEndFrozenMillisecond": 0, "managerList": [111331963, 697636636, 61397042, 976186828], "needPassword": false, "organizerName": "武汉理工大学本科生院", "needCharge": false, "allowMessage": true, "ratingStatus": "No", "rankEndFrozenMinute": 0, "needRatingUpperLimit": false, "rankSaveStatus": "Finished"}, "countDownTime": -4352972043, "signUpCount": 216, "contestId": 112692, "contestSignUpEndTime": 1751269200000, "userLevel": 1, "teamId": 0, "isManager": false, "isTeamSignUp": false, "contestSignUpStartTime": 1751158800000, "signUpCountDownTime": -4445372043, "filledPassword": false, "start_time": 1751251200, "end_time": 1751269200, "durationSeconds": 18000, "name": "金山杯2025年武汉理工大学程序设计竞赛", "platform": "牛客", "contest_url": "https://ac.nowcoder.com/acm/contest/112692"},{"isSignUp": false, "teamName": "", "contestDuration": 18000000, "contestEndTime": 1751103000000, "contestStartTime": 1751085000000, "topCategoryId": 14, "creatorId": 1433099, "creatorName": "vito0210", "signUpEndCountDownTime": -4501172046, "contestName": "第五届上海理工大学程序设计全国挑战赛", "type": 0, "settingInfo": {"allowTeamSignUp": false, "isProblemAutoOpen": false, "needSignUpField": false, "rankFrozenMillisecond": 3600000, "excitationStatus": "Finished", "problemOriginal": true, "needRankFrozen": true, "rankFrozenMinute": 60, "logoUrl": "https://uploadfiles.nowcoder.com/images/20250604/1433099_1749018909188/2A75B2610173DAC32F33283F66BD6636", "needSignUpRedirect": false, "forceOnlyMyStatusFilter": true, "needUserNameFormat": false, "organizerSchool": "上海理工大学", "sameEndTimeAsSignUpEnd": true, "rankEndFrozenMillisecond": 0, "managerList": [308233307, 540094132], "needPassword": false, "organizerName": "上海理工大学", "needCharge": false, "allowMessage": true, "ratingStatus": "No", "rankEndFrozenMinute": 0, "needRatingUpperLimit": false, "rankSaveStatus": "Finished"}, "countDownTime": -4519172046, "signUpCount": 883, "contestId": 111679, "contestSignUpEndTime": 1751103000000, "userLevel": 3, "teamId": 0, "isManager": false, "isTeamSignUp": false, "contestSignUpStartTime": 1749018691000, "signUpCountDownTime": -6585481046, "filledPassword": false, "start_time": 1751085000, "end_time": 1751103000, "durationSeconds": 18000, "name": "第五届上海理工大学程序设计全国挑战赛", "platform": "牛客", "contest_url": "https://ac.nowcoder.com/acm/contest/111679"},{"isSignUp": false, "teamName": "", "contestDuration": 18000000, "contestEndTime": 1750575600000, "contestStartTime": 1750557600000, "topCategoryId": 14, "creatorId": 627150745, "creatorName": "InkyoOvO", "signUpEndCountDownTime": -5028572050, "contestName": "第十二届成都信息工程大学ACM程序设计竞赛同步赛", "type": 0, "settingInfo": {"allowTeamSignUp": false, "isProblemAutoOpen": false, "needSignUpField": false, "rankFrozenMillisecond": 3600000, "excitationStatus": "Finished", "problemOriginal": true, "needRankFrozen": true, "rankFrozenMinute": 60, "logoUrl": "https://uploadfiles.nowcoder.com/images/20250612/627150745_1749723983830/368E76838AE5B086F979E354014527B1", "needSignUpRedirect": false, "forceOnlyMyStatusFilter": true, "needUserNameFormat": false, "organizerSchool": "成都信息工程大学", "sameEndTimeAsSignUpEnd": true, "rankEndFrozenMillisecond": 0, "managerList": [312342128], "needPassword": false, "organizerName": "成都信息工程大学软件工程学院", "needCharge": false, "allowMessage": true, "ratingStatus": "No", "rankEndFrozenMinute": 0, "needRatingUpperLimit": false, "rankSaveStatus": "Finished"}, "countDownTime": -5046572050, "signUpCount": 229, "contestId": 112080, "contestSignUpEndTime": 1750575600000, "userLevel": 1, "teamId": 0, "isManager": false, "isTeamSignUp": false, "contestSignUpStartTime": 1749708000000, "signUpCountDownTime": -5896172050, "filledPassword": false, "start_time": 1750557600, "end_time": 1750575600, "durationSeconds": 18000, "name": "第十二届成都信息工程大学ACM程序设计竞赛同步赛", "platform": "牛客", "contest_url": "https://ac.nowcoder.com/acm/contest/112080"}]